Part_ID,Parent_ID,Level,Depth,Maint_Echelon,FR_raw_input,FR_model_used,QPA,PM_failure_gamma,FLEET_SIZE,annual_FR_item_after_PM,annual_FR_system,annual_FR_demand,annual_FR,lambda_eff_system_annual,lambda_eff_demand_annual,lambda_eff_annual,lambda_system_2y,lambda_demand_2y,lambda_eff_2y,p_need_2y,baseline_wait_h,T_diag_h,T_repair_h,T_restore_h,ao_impact,shortage_exposure_h,mu_pipe_nom,stock_cap,is_long_lead,prebuy_flag,protection_flag,selected_manage,sO_best,sI_best,sD_best,total_stock_best,wait_per_failure_best,unit_proc_cost,critical_weight
RAD-L6-0016,RAD-L5-0014,6,6,O,0.10448,0.0009152448,1.0,0.014999983561661849,1.0,0.0009015161430451035,0.0009015161430451035,0.0009015161430451035,0.0009015161430451035,0.00013522742145676554,0.00013522742145676554,0.00013522742145676554,0.001803032286090207,0.001803032286090207,0.001803032286090207,0.0018014077998582678,4494.75,2.9800000000000004,8.916863466450998,6.206238332047857,6.952690455654417e-05,5993.0,9.251346310392646e-05,3,0,0,0,1,0,0,0,0,4494.75,228303.0,0.15
RAD-L6-0019,RAD-L5-0014,6,6,O,0.13874,0.0012153624,1.0,0.029999967123323697,1.0,0.0011789015679570761,0.0011789015679570761,0.0011789015679570761,0.0011789015679570761,0.0001768352351935614,0.0001768352351935614,0.0001768352351935614,0.0023578031359141522,0.0023578031359141522,0.0023578031359141522,0.0023550257014103293,3695.25,2.9800000000000004,5.356651288601328,5.110861105477418,7.4758122394465e-05,4927.0,9.94597264610362e-05,3,0,0,0,0,0,0,0,0,3695.25,300119.0,0.15
RAD-L6-0022,RAD-L5-0014,6,6,O,0.17868,0.0015652368,1.0,0.0075,1.0,0.0015534975240000001,0.0015534975240000001,0.0015534975240000001,0.0015534975240000001,0.0002330246286,0.0002330246286,0.0002330246286,0.0031069950480000002,0.0031069950480000002,0.0031069950480000002,0.003102173333859204,3760.5,2.9800000000000004,11.2666125,8.444460681249998,0.00010033690599971503,5014.0,0.00013337733879000002,3,0,0,0,0,0,0,0,0,3760.5,171940.0,0.15
RAD-L6-0026,RAD-L5-0023,6,6,O,0.11868,0.0010396368,1.0,0.0075,1.0,0.0010318395240000002,0.0010318395240000002,0.0010318395240000002,0.0010318395240000002,0.00015477592860000002,0.00015477592860000002,0.00015477592860000002,0.0020636790480000004,0.0020636790480000004,0.0020636790480000004,0.0020615511264274744,3801.0,2.9800000000000004,17.64481875,11.973984822499997,6.742212574152657e-05,5068.0,8.954388198000001e-05,3,0,0,0,0,0,0,0,0,3801.0,201411.0,0.15
RAD-L6-0028,RAD-L5-0023,6,6,O,0.18787,0.0016457412000000001,1.0,0.0075,1.0,0.0016333981410000002,0.0016333981410000002,0.0016333981410000002,0.0016333981410000002,0.00024500972115000004,0.00024500972115000004,0.00024500972115000004,0.0032667962820000004,0.0032667962820000004,0.0032667962820000004,0.003261466108802402,3764.25,2.9800000000000004,8.9388,5.91133524,0.00010553154182724785,5019.0,0.00014037714502875,3,0,0,0,0,0,0,0,0,3764.25,237101.0,0.15
RAD-L6-0029,RAD-L5-0023,6,6,O,0.17125,0.00150015,1.0,0.029999967123323697,1.0,0.001455145549319946,0.001455145549319946,0.001455145549319946,0.001455145549319946,0.0002182718323979919,0.0002182718323979919,0.0002182718323979919,0.002910291098639892,0.002910291098639892,0.002910291098639892,0.0029060603067743163,3512.25,2.9800000000000004,8.83447712523055,7.1383896405897085,8.77664158433351e-05,4683.0,0.00011668572957988541,3,0,0,0,0,0,0,0,0,3512.25,258817.0,0.15
RAD-L6-0031,RAD-L5-0023,6,6,O,0.09331,0.0008173956,1.0,0.0075,1.0,0.000811265133,0.000811265133,0.000811265133,0.000811265133,0.00012168976995,0.00012168976995,0.00012168976995,0.001622530266,0.001622530266,0.001622530266,0.0016212146753926682,6269.25,2.9800000000000004,13.17541875,9.922565279375,8.726868726708327e-05,8359.0,0.00011611926792375,2,1,1,0,0,0,0,0,0,6269.25,266425.0,0.15
RAD-L6-0038,RAD-L5-0032,6,6,O,0.1056,0.0009250560000000001,1.0,0.0075,1.0,0.0009181180800000001,0.0009181180800000001,0.0009181180800000001,0.0009181180800000001,0.000137717712,0.000137717712,0.000137717712,0.0018362361600000002,0.0018362361600000002,0.0018362361600000002,0.0018345513098010358,4854.0,2.9800000000000004,9.963037499999999,7.3847224324999985,7.647365067430583e-05,6472.0,0.0001017476064,3,0,0,0,0,0,0,0,0,4854.0,278861.0,0.15
RAD-L6-0044,RAD-L5-0041,6,6,O,0.18015,0.001578114,1.0,0.014999983561661849,1.0,0.0015544423159415716,0.0015544423159415716,0.0015544423159415716,0.0015544423159415716,0.00023316634739123572,0.00023316634739123572,0.00023316634739123572,0.003108884631883143,0.003108884631883143,0.003108884631883143,0.003104057054145848,5939.25,2.9800000000000004,13.441838956888816,11.277855680340076,0.00015846548868424806,7919.0,0.0002107813133551593,2,1,1,1,0,0,0,0,0,5939.25,301230.0,0.15
RAD-L6-0045,RAD-L5-0041,6,6,O,0.13005,0.001139238,1.0,0.014999983561661849,1.0,0.0011221494487271796,0.0011221494487271796,0.0011221494487271796,0.0011221494487271796,0.00016832241730907693,0.00016832241730907693,0.00016832241730907693,0.002244298897454359,0.002244298897454359,0.002244298897454359,0.002241782341670273,4378.5,2.9800000000000004,12.953851403998463,9.684446558107881,8.437573224273238e-05,5838.0,0.00011217651509707661,3,0,0,0,0,0,0,0,0,4378.5,194998.0,0.15
RAD-L6-0047,RAD-L5-0041,6,6,O,0.02921,0.0002558796,1.0,0.029999967123323697,1.0,0.00024820322041247084,0.00024820322041247084,0.00024820322041247084,0.00024820322041247084,3.723048306187062e-05,3.723048306187062e-05,3.723048306187062e-05,0.0004964064408249417,0.0004964064408249417,0.0004964064408249417,0.0004962832515325033,6376.5,2.9800000000000004,8.99437716369626,7.09759753464996,2.7143306971271252e-05,8502.0,3.613396883470594e-05,2,1,0,0,0,0,0,0,0,6376.5,299034.0,0.15
RAD-L6-0048,RAD-L5-0041,6,6,O,0.08111,0.0007105236,1.0,0.014999983561661849,1.0,0.0006998657576798272,0.0006998657576798272,0.0006998657576798272,0.0006998657576798272,0.00010497986365197409,0.00010497986365197409,0.00010497986365197409,0.0013997315153596545,0.0013997315153596545,0.0013997315153596545,0.0013987523481124864,6589.5,2.9800000000000004,14.196001538628451,10.608833318012802,7.913143440680337e-05,8786.0,0.00010529144772217401,2,1,1,0,1,0,0,0,0,6589.5,231816.0,0.15
RAD-L6-0056,RAD-L5-0050,6,6,O,0.1972,0.001727472,1.0,0.014999983561661849,1.0,0.001701559948396769,0.001701559948396769,0.001701559948396769,0.001701559948396769,0.00025523399225951533,0.00025523399225951533,0.00025523399225951533,0.003403119896793538,0.003403119896793538,0.003403119896793538,0.0033973358474090887,5382.75,2.9800000000000004,11.711701269368472,8.523909312607875,0.00015716860280083953,7177.0,0.00020911122858978783,3,0,0,0,0,0,0,0,0,5382.75,265461.0,0.15
RAD-L6-0066,RAD-L5-0059,6,6,O,0.10142,0.0008884391999999999,1.0,0.0075,1.0,0.000881775906,0.000881775906,0.000881775906,0.000881775906,0.0001322663859,0.0001322663859,0.0001322663859,0.001763551812,0.001763551812,0.001763551812,0.0017619976682418104,4960.5,2.9800000000000004,9.869924999999999,8.636302299999999,7.507349926708822e-05,6614.0,9.9864141135e-05,3,0,0,0,0,0,0,0,0,4960.5,443313.0,0.15
RAD-L6-0070,RAD-L5-0068,6,6,O,0.1047,0.0009171720000000001,1.0,0.029999967123323697,1.0,0.0008896568701535671,0.0008896568701535671,0.0008896568701535671,0.0008896568701535671,0.00013344853052303505,0.00013344853052303505,0.00013344853052303505,0.0017793137403071342,0.0017793137403071342,0.0017793137403071342,0.0017777317000683412,4125.75,2.9800000000000004,8.314802000216986,7.1450337102249755,6.300530201775542e-05,5501.0,8.380141169032143e-05,3,0,0,0,0,0,0,0,0,4125.75,113400.0,0.15
RAD-L6-0072,RAD-L5-0068,6,6,O,0.04053,0.00035504279999999997,1.0,0.029999967123323697,1.0,0.0003443915276726272,0.0003443915276726272,0.0003443915276726272,0.0003443915276726272,5.165872915089408e-05,5.165872915089408e-05,5.165872915089408e-05,0.0006887830553452544,0.0006887830553452544,0.0006887830553452544,0.0006885458987495596,5466.0,2.9800000000000004,11.432852750298355,9.152169609841796,3.230517648432358e-05,7288.0,4.297817557667992e-05,2,1,0,0,0,0,0,0,0,5466.0,105834.0,0.15
RAD-L6-0075,RAD-L5-0068,6,6,O,0.12602,0.0011039352,1.0,0.014999983561661849,1.0,0.00108737619014686,0.00108737619014686,0.00108737619014686,0.00108737619014686,0.000163106428522029,0.000163106428522029,0.000163106428522029,0.00217475238029372,0.00217475238029372,0.00217475238029372,0.0021723893196702315,6412.5,2.9800000000000004,4.08135044235568,3.4565420829873057,0.000119517102087751,8550.0,0.00015919634290677487,2,1,1,0,1,0,0,0,0,6412.5,252946.0,0.15
RAD-L6-0081,RAD-L5-0078,6,6,O,0.11314,0.0009911064,1.0,0.014999983561661849,1.0,0.0009762398202921421,0.0009762398202921421,0.0009762398202921421,0.0009762398202921421,0.00014643597304382132,0.00014643597304382132,0.00014643597304382132,0.0019524796405842842,0.0019524796405842842,0.0019524796405842842,0.0019505747921384486,4755.75,2.9800000000000004,11.22371371647812,9.973519590192229,7.97157237498499e-05,6341.0,0.0001059989161039807,3,0,0,0,0,0,0,0,0,4755.75,295498.0,0.15
RAD-L6-0086,RAD-L5-0078,6,6,O,0.18456,0.0016167456,1.0,0.0075,1.0,0.001604620008,0.001604620008,0.001604620008,0.001604620008,0.00024069300119999997,0.00024069300119999997,0.00024069300119999997,0.003209240016,0.003209240016,0.003209240016,0.0032040959096218957,5414.25,2.9800000000000004,14.432437499999999,10.91831140625,0.0001491458114190733,7219.0,0.00019835191502999997,3,0,0,0,0,0,0,0,0,5414.25,181519.0,0.15
RAD-L6-0088,RAD-L5-0087,6,6,O,0.12234,0.0010716984,1.0,0.014999983561661849,1.0,0.0010556229416169407,0.0010556229416169407,0.0010556229416169407,0.0010556229416169407,0.0001583434412425411,0.0001583434412425411,0.0001583434412425411,0.0021112458832338813,0.0021112458832338813,0.0021112458832338813,0.0021090187712468067,3094.5,2.9800000000000004,16.32540176942272,25.95267676627642,5.645834229778239e-05,4126.0,7.458048385464891e-05,3,0,0,0,1,0,0,0,0,3094.5,235382.0,0.15
RAD-L6-0091,RAD-L5-0087,6,6,O,0.09721,0.0008515596000000001,1.0,0.0075,1.0,0.0008451729030000001,0.0008451729030000001,0.0008451729030000001,0.0008451729030000001,0.00012677593545000002,0.00012677593545000002,0.00012677593545000002,0.0016903458060000002,0.0016903458060000002,0.0016903458060000002,0.0016889179761501172,3416.25,2.9800000000000004,9.26469375,7.166351309375,4.958728340864303e-05,4555.0,6.592059200625002e-05,3,0,0,0,1,0,0,0,0,3416.25,202303.0,0.15
RAD-L6-0094,RAD-L5-0087,6,6,O,0.13236,0.0011594736,1.0,0.014999983561661849,1.0,0.001142081515059819,0.001142081515059819,0.001142081515059819,0.001142081515059819,0.00017131222725897286,0.00017131222725897286,0.00017131222725897286,0.002284163030119638,0.002284163030119638,0.002284163030119638,0.0022815563148441687,4310.25,2.9800000000000004,10.292101115505627,7.422780316444584,8.449550810601411e-05,5747.0,0.00011238942580562981,3,0,0,0,0,0,0,0,0,4310.25,251334.0,0.15
RAD-L6-0095,RAD-L5-0087,6,6,O,0.13766,0.0012059016,1.0,0.029999967123323697,1.0,0.0011697245916460367,0.0011697245916460367,0.0011697245916460367,0.0011697245916460367,0.00017545868874690546,0.00017545868874690546,0.00017545868874690546,0.0023394491832920733,0.0023394491832920733,0.0023394491832920733,0.00233671480478026,4268.25,2.9800000000000004,9.114302192545543,7.201346470637841,8.56949719115748e-05,5691.0,0.00011398805909345194,3,0,0,0,0,0,0,0,0,4268.25,237184.0,0.15
RAD-L6-0099,RAD-L5-0096,6,6,O,0.19021,0.0016662396,1.0,0.0075,1.0,0.001653742803,0.001653742803,0.001653742803,0.001653742803,0.00024806142045,0.00024806142045,0.00024806142045,0.003307485606,0.003307485606,0.003307485606,0.003302021900851715,3601.5,2.9800000000000004,14.758331250000001,11.522005538124999,0.00010239618651185343,4802.0,0.0001359807010275,3,0,0,0,0,0,0,0,0,3601.5,111771.0,0.15
RAD-L6-0101,RAD-L5-0096,6,6,O,0.18372,0.0016093872,1.0,0.029999967123323697,1.0,0.001561105636911302,0.001561105636911302,0.001561105636911302,0.001561105636911302,0.00023416584553669528,0.00023416584553669528,0.00023416584553669528,0.003122211273822604,0.003122211273822604,0.003122211273822604,0.0031173422409047635,4920.75,2.9800000000000004,9.753902346408386,8.788411887916835,0.00013185243659190083,6561.0,0.00017538380280436732,3,0,0,0,0,0,0,0,0,4920.75,265313.0,0.15
RAD-L6-0102,RAD-L5-0096,6,6,O,0.03601,0.00031544760000000005,1.0,0.0075,1.0,0.00031308174300000006,0.00031308174300000006,0.00031308174300000006,0.00031308174300000006,4.6962261450000005e-05,4.6962261450000005e-05,4.6962261450000005e-05,0.0006261634860000001,0.0006261634860000001,0.0006261634860000001,0.0006259674865557452,6192.75,2.9800000000000004,11.59250625,8.618007652499998,3.326143987010997e-05,8257.0,4.4265684108750006e-05,2,1,0,0,0,0,0,0,0,6192.75,150323.0,0.15
RAD-L6-0103,RAD-L5-0096,6,6,O,0.0828,0.000725328,1.0,0.0075,1.0,0.0007198880400000001,0.0007198880400000001,0.0007198880400000001,0.0007198880400000001,0.000107983206,0.000107983206,0.000107983206,0.0014397760800000001,0.0014397760800000001,0.0014397760800000001,0.0014387400996725974,6552.0,2.9800000000000004,7.635224999999999,6.46407271,8.088193686768526e-05,8736.0,0.0001076873616,2,1,1,0,0,0,0,0,0,6552.0,190682.0,0.15
RAD-L6-0112,RAD-L5-0105,6,6,O,0.06991,0.0006124116,1.0,0.0075,1.0,0.000607818513,0.000607818513,0.000607818513,0.000607818513,9.117277695e-05,9.117277695e-05,9.117277695e-05,0.001215637026,0.001215637026,0.001215637026,0.0012148984386255446,5217.0,2.9800000000000004,12.151181249999999,9.349264035000001,5.442608111734824e-05,6956.0,7.239701329500001e-05,3,0,0,0,0,0,0,0,0,5217.0,142645.0,0.15
RAD-L6-0121,RAD-L5-0114,6,6,O,0.11466,0.0010044216,1.0,0.029999967123323697,1.0,0.0009742889850220438,0.0009742889850220438,0.0009742889850220438,0.0009742889850220438,0.00014614334775330657,0.00014614334775330657,0.00014614334775330657,0.0019485779700440875,0.0019485779700440875,0.0019485779700440875,0.0019466807245017703,2763.0,2.9800000000000004,7.51530180788843,6.269377162709959,4.6249521094244005e-05,3684.0,6.14602846031029e-05,3,0,0,0,0,0,0,0,0,2763.0,145892.0,0.15
RAD-L6-0122,RAD-L5-0114,6,6,O,0.13982,0.0012248232,1.0,0.029999967123323697,1.0,0.001188078544268116,0.001188078544268116,0.001188078544268116,0.001188078544268116,0.0001782117816402174,0.0001782117816402174,0.0001782117816402174,0.002376157088536232,0.002376157088536232,0.002376157088536232,0.00237333626196623,4203.75,2.9800000000000004,12.032477894544773,9.68030841704105,8.57778531037876e-05,5605.0,0.0001140270589147738,3,0,0,0,0,0,0,0,0,4203.75,150773.0,0.15
RAD-L6-0125,RAD-L5-0123,6,6,O,0.04054,0.0003551304,1.0,0.0075,1.0,0.00035246692200000007,0.00035246692200000007,0.00035246692200000007,0.00035246692200000007,5.2870038300000006e-05,5.2870038300000006e-05,5.2870038300000006e-05,0.0007049338440000001,0.0007049338440000001,0.0007049338440000001,0.0007046854365114763,6270.75,2.9800000000000004,8.56635,7.2352415599999995,3.790809051167191e-05,8361.0,5.046191669250001e-05,2,1,0,0,0,0,0,0,0,6270.75,271207.0,0.15
RAD-L6-0126,RAD-L5-0123,6,6,O,0.05936,0.0005199936,1.0,0.0075,1.0,0.000516093648,0.000516093648,0.000516093648,0.000516093648,7.74140472e-05,7.74140472e-05,7.74140472e-05,0.001032187296,0.001032187296,0.001032187296,0.0010316547739296356,4774.5,2.9800000000000004,11.825287499999998,9.741813129999999,4.2305732351428696e-05,6366.0,5.625774252e-05,3,0,0,0,0,0,0,0,0,4774.5,227964.0,0.15
RAD-L6-0128,RAD-L5-0123,6,6,O,0.09998,0.0008758247999999999,1.0,0.029999967123323697,1.0,0.0008495500847942085,0.0008495500847942085,0.0008495500847942085,0.0008495500847942085,0.00012743251271913125,0.00012743251271913125,0.00012743251271913125,0.001699100169588417,0.001699100169588417,0.001699100169588417,0.001697657516081863,3252.0,2.9800000000000004,12.552153019558334,9.66911119381047,4.7491146048596546e-05,4336.0,6.307618437787136e-05,3,0,0,0,0,0,0,0,0,3252.0,301751.0,0.15
RAD-L6-0131,RAD-L5-0123,6,6,O,0.17493,0.0015323868,1.0,0.0075,1.0,0.001520893899,0.001520893899,0.001520893899,0.001520893899,0.00022813408485,0.00022813408485,0.00022813408485,0.003041787798,0.003041787798,0.003041787798,0.0030371662486077255,4882.5,2.9800000000000004,17.691375,14.020626062499998,0.00012759624332748523,6510.0,0.0001695380014125,3,0,0,0,1,0,0,0,0,4882.5,280768.0,0.15
RAD-L6-0135,RAD-L5-0132,6,6,O,0.1034,0.0009057840000000001,1.0,0.029999967123323697,1.0,0.0008786105097791675,0.0008786105097791675,0.0008786105097791675,0.0008786105097791675,0.00013179157646687513,0.00013179157646687513,0.00013179157646687513,0.001757221019558335,0.001757221019558335,0.001757221019558335,0.0017556780106374736,4824.0,2.9800000000000004,6.076201461697027,5.607209581059088,7.270482725620374e-05,6432.0,9.676751367978776e-05,3,0,0,0,0,0,0,0,0,4824.0,186011.0,0.15
RAD-L6-0138,RAD-L5-0132,6,6,O,0.10837,0.0009493212,1.0,0.029999967123323697,1.0,0.0009208415952105259,0.0009208415952105259,0.0009208415952105259,0.0009208415952105259,0.00013812623928157887,0.00013812623928157887,0.00013812623928157887,0.0018416831904210517,0.0018416831904210517,0.0018416831904210517,0.0018399883325574962,3999.0,2.9800000000000004,9.234227221394825,8.420829905027912,6.323534071307127e-05,5332.0,8.407409906956376e-05,3,0,0,0,1,1,0,0,1,0.3000141315215958,112173.0,0.15
RAD-L6-0142,RAD-L5-0141,6,6,O,0.17564,0.0015386063999999998,1.0,0.014999983561661849,1.0,0.001515527329292132,0.001515527329292132,0.001515527329292132,0.001515527329292132,0.0002273290993938198,0.0002273290993938198,0.0002273290993938198,0.003031054658584264,0.003031054658584264,0.003031054658584264,0.0030264656500953446,4377.0,2.9800000000000004,8.029613370286718,5.782215861829192,0.00011381408386841473,5836.0,0.00015144892968748085,3,0,0,0,0,0,0,0,0,4377.0,219798.0,0.15
RAD-L6-0143,RAD-L5-0141,6,6,O,0.14665,0.001284654,1.0,0.014999983561661849,1.0,0.001265384211117577,0.001265384211117577,0.001265384211117577,0.001265384211117577,0.00018980763166763655,0.00018980763166763655,0.00018980763166763655,0.002530768422235154,0.002530768422235154,0.002530768422235154,0.0025275687276294923,5820.75,2.9800000000000004,9.98156358184813,9.001487500123288,0.00012638093034196906,7761.0,0.00016816176134389578,2,1,1,1,0,0,0,0,0,5820.75,175974.0,0.15
RAD-L6-0146,RAD-L5-0141,6,6,O,0.06393,0.0005600268,1.0,0.014999983561661849,1.0,0.0005516264072059099,0.0005516264072059099,0.0005516264072059099,0.0005516264072059099,8.274396108088648e-05,8.274396108088648e-05,8.274396108088648e-05,0.0011032528144118198,0.0011032528144118198,0.0011032528144118198,0.001102644454770929,5553.0,2.9800000000000004,14.018551519395597,10.5421100936788,5.257946219560336e-05,7404.0,6.993564929713282e-05,2,1,1,0,0,0,0,0,0,5553.0,290881.0,0.15
RAD-L6-0153,RAD-L5-0151,6,6,O,0.19746,0.0017297495999999998,1.0,0.0075,1.0,0.001716776478,0.001716776478,0.001716776478,0.001716776478,0.0002575164717,0.0002575164717,0.0002575164717,0.003433552956,0.003433552956,0.003433552956,0.0034276650537848896,6088.5,2.9800000000000004,19.0880625,12.6976072375,0.0001794436392746517,8118.0,0.00023864368918499997,2,1,1,1,0,0,0,0,0,6088.5,326534.0,0.15
RAD-L6-0155,RAD-L5-0151,6,6,O,0.13779,0.0012070403999999999,1.0,0.014999983561661849,1.0,0.0011889348138417381,0.0011889348138417381,0.0011889348138417381,0.0011889348138417381,0.0001783402220762607,0.0001783402220762607,0.0001783402220762607,0.0023778696276834763,0.0023778696276834763,0.0023778696276834763,0.0023750447352193227,4089.0,2.9800000000000004,3.371550365424257,2.590737625738492,8.335920715241242e-05,5452.0,0.00011099439392234856,3,0,0,0,0,0,0,0,0,4089.0,305149.0,0.15
RAD-L6-0159,RAD-L5-0151,6,6,O,0.07027,0.0006155652,1.0,0.0075,1.0,0.0006109484609999999,0.0006109484609999999,0.0006109484609999999,0.0006109484609999999,9.164226914999998e-05,9.164226914999998e-05,9.164226914999998e-05,0.0012218969219999999,0.0012218969219999999,0.0012218969219999999,0.0012211507099183505,6440.25,2.9800000000000004,6.797212499999999,6.033966748749999,6.746862834020381e-05,8587.0,8.983243894874998e-05,2,1,1,0,1,0,0,0,0,6440.25,848118.0,0.15
RAD-L6-0161,RAD-L5-0160,6,6,O,0.15428,0.0013514928,1.0,0.0075,1.0,0.0013413566040000001,0.0013413566040000001,0.0013413566040000001,0.0013413566040000001,0.0002012034906,0.0002012034906,0.0002012034906,0.0026827132080000002,0.0026827132080000002,0.0026827132080000002,0.0026791179486570504,4884.0,2.9800000000000004,9.869924999999999,7.686815514999999,0.00011242283659881324,6512.0,0.00014957044872,3,0,0,0,0,0,0,0,0,4884.0,453137.0,0.15
RAD-L6-0162,RAD-L5-0160,6,6,O,0.11006,0.0009641256000000001,1.0,0.014999983561661849,1.0,0.0009496637318486227,0.0009496637318486227,0.0009496637318486227,0.0009496637318486227,0.0001424495597772934,0.0001424495597772934,0.0001424495597772934,0.0018993274636972454,0.0018993274636972454,0.0018993274636972454,0.0018975248827012292,6521.25,2.9800000000000004,14.417814062669521,10.577072285948178,0.00010626488478044255,8695.0,0.00014139257103465365,2,1,1,0,1,0,0,0,0,6521.25,239094.0,0.15
RAD-L6-0164,RAD-L5-0160,6,6,O,0.10232,0.0008963231999999999,1.0,0.014999983561661849,1.0,0.0008828783667340637,0.0008828783667340637,0.0008828783667340637,0.0008828783667340637,0.00013243175501010955,0.00013243175501010955,0.00013243175501010955,0.0017657567334681274,0.0017657567334681274,0.0017657567334681274,0.0017641987022168903,3578.25,2.9800000000000004,10.159013601080986,8.109040135497933,5.426283885975411e-05,4771.0,7.212692958370237e-05,3,0,0,0,0,0,0,0,0,3578.25,127875.0,0.15
RAD-L6-0167,RAD-L5-0160,6,6,O,0.16565,0.0014510939999999998,1.0,0.0075,1.0,0.0014402107949999998,0.0014402107949999998,0.0014402107949999998,0.0014402107949999998,0.00021603161924999996,0.00021603161924999996,0.00021603161924999996,0.0028804215899999996,0.0028804215899999996,0.0028804215899999996,0.002876277155926088,6114.75,2.9800000000000004,7.49555625,6.362317701249999,0.00015102712098510114,8153.0,0.00020106230499374996,2,1,1,1,0,0,0,0,0,6114.75,390037.0,0.15
RAD-L6-0170,RAD-L5-0169,6,6,O,0.13121,0.0011493996,1.0,0.014999983561661849,1.0,0.0011321586248942191,0.0011321586248942191,0.0011321586248942191,0.0011321586248942191,0.00016982379373413285,0.00016982379373413285,0.00016982379373413285,0.0022643172497884383,0.0022643172497884383,0.0022643172497884383,0.0022617556172989106,3702.75,2.9800000000000004,2.3955752596435516,2.0542330160273794,7.188013525095706e-05,4937.0,9.571005361477328e-05,3,0,0,0,0,0,0,0,0,3702.75,121688.0,0.15
RAD-L6-0174,RAD-L5-0169,6,6,O,0.08191,0.0007175316,1.0,0.014999983561661849,1.0,0.0007067686377950271,0.0007067686377950271,0.0007067686377950271,0.0007067686377950271,0.00010601529566925406,0.00010601529566925406,0.00010601529566925406,0.0014135372755900541,0.0014135372755900541,0.0014135372755900541,0.0014125387023375957,5569.5,2.9800000000000004,15.748689206915937,14.281090390673544,6.761211516338487e-05,7426.0,8.987095726482656e-05,2,1,1,0,0,0,0,0,0,5569.5,206012.0,0.15
RAD-L6-0175,RAD-L5-0169,6,6,O,0.15342,0.0013439592,1.0,0.029999967123323697,1.0,0.0013036404681849119,0.0013036404681849119,0.0013036404681849119,0.0013036404681849119,0.00019554607022773677,0.00019554607022773677,0.00019554607022773677,0.0026072809363698237,0.0026072809363698237,0.0026072809363698237,0.0026038849315166424,4085.25,2.9800000000000004,13.951278356133308,11.444442282901742,9.151543680382532e-05,5447.0,0.00012159126079115094,3,0,0,0,0,0,0,0,0,4085.25,280827.0,0.15
RAD-L6-0180,RAD-L5-0178,6,6,O,0.17682,0.0015489432,1.0,0.0075,1.0,0.001537326126,0.001537326126,0.001537326126,0.001537326126,0.0002305989189,0.0002305989189,0.0002305989189,0.003074652252,0.003074652252,0.003074652252,0.0030699303494071684,4791.0,2.9800000000000004,18.436275000000002,12.918518167499998,0.0001265371691268764,6388.0,0.00016815820707,3,0,0,0,0,0,0,0,0,4791.0,148344.0,0.15
RAD-L6-0183,RAD-L5-0178,6,6,O,0.11441,0.0010022316,1.0,0.0075,1.0,0.0009947148629999999,0.0009947148629999999,0.0009947148629999999,0.0009947148629999999,0.00014920722944999998,0.00014920722944999998,0.00014920722944999998,0.0019894297259999997,0.0019894297259999997,0.0019894297259999997,0.001987452122334532,5747.25,2.9800000000000004,10.195818749999999,7.009747209374999,9.806184839732067e-05,7663.0,0.00013052226019125,2,1,1,0,0,0,0,0,0,5747.25,176742.0,0.15
RAD-L6-0186,RAD-L5-0178,6,6,O,0.16465,0.0014423339999999998,1.0,0.0075,1.0,0.0014315164949999998,0.0014315164949999998,0.0014315164949999998,0.0014315164949999998,0.00021472747424999998,0.00021472747424999998,0.00021472747424999998,0.0028630329899999997,0.0028630329899999997,0.0028630329899999997,0.0028589384196112677,3916.5,2.9800000000000004,9.031912499999999,7.144350699999999,9.625047136465264e-05,5222.0,0.0001280030674125,3,0,0,0,0,0,0,0,0,3916.5,269087.0,0.15
RAD-L6-0200,RAD-L5-0196,6,6,O,0.13467,0.0011797092,1.0,0.029999967123323697,1.0,0.0011443179627849175,0.0011443179627849175,0.0011443179627849175,0.0011443179627849175,0.00017164769441773762,0.00017164769441773762,0.00017164769441773762,0.002288635925569835,0.002288635925569835,0.002288635925569835,0.002286018995150907,4158.75,2.9800000000000004,16.709554019666825,14.53923285107605,8.183184761262796e-05,5545.0,0.00010865142300757478,3,0,0,0,0,0,0,0,0,4158.75,147057.0,0.15
RAD-L6-0207,RAD-L5-0205,6,6,O,0.10138,0.0008880888,1.0,0.0075,1.0,0.0008814281340000001,0.0008814281340000001,0.0008814281340000001,0.0008814281340000001,0.0001322142201,0.0001322142201,0.0001322142201,0.0017628562680000002,0.0017628562680000002,0.0017628562680000002,0.0017613033495472719,3285.0,2.9800000000000004,16.574025,12.054486407499999,4.980724725153787e-05,4380.0,6.610711005e-05,3,0,0,0,1,0,0,0,0,3285.0,217488.0,0.15
RAD-L6-0209,RAD-L5-0205,6,6,O,0.10828,0.0009485328,1.0,0.014999983561661849,1.0,0.0009343048235923029,0.0009343048235923029,0.0009343048235923029,0.0009343048235923029,0.00014014572353884542,0.00014014572353884542,0.00014014572353884542,0.0018686096471846058,0.0018686096471846058,0.0018686096471846058,0.0018668648831080548,5767.5,2.9800000000000004,13.841101500162743,11.992087673731865,9.25101295171476e-05,7690.0,0.00012302746735316452,2,1,1,0,1,1,0,0,1,0.3000436418918627,126949.0,0.15
RAD-L6-0210,RAD-L5-0205,6,6,O,0.18729,0.0016406604000000003,1.0,0.0075,1.0,0.0016283554470000003,0.0016283554470000003,0.0016283554470000003,0.0016283554470000003,0.00024425331705,0.00024425331705,0.00024425331705,0.0032567108940000007,0.0032567108940000007,0.0032567108940000007,0.0032514135632616403,3774.75,2.9800000000000004,13.780650000000001,11.68615585,0.00010565952805356419,5033.0,0.00014033412610875,3,0,0,0,0,0,0,0,0,3774.75,330116.0,0.15
RAD-L6-0216,RAD-L5-0214,6,6,O,2.62531,0.0229977156,1.0,0.0075,1.0,0.022825232733000002,0.022825232733000002,0.022825232733000002,0.022825232733000002,0.0034237849099500004,0.0034237849099500004,0.0034237849099500004,0.045650465466000004,0.045650465466000004,0.045650465466000004,0.04462415931444785,4994.25,2.9800000000000004,8.70601875,6.194436359375,0.0019555535483198987,6659.0,0.0026026237117987502,3,0,0,0,1,0,0,0,0,4994.25,228594.0,1.0
RAD-L6-0217,RAD-L5-0214,6,6,O,0.19304,0.0016910304,1.0,0.0075,1.0,0.001678347672,0.001678347672,0.001678347672,0.001678347672,0.0002517521508,0.0002517521508,0.0002517521508,0.003356695344,0.003356695344,0.003356695344,0.003351067940437824,6463.5,2.9800000000000004,7.49555625,5.30544427,0.00018599154167935,8618.0,0.00024767123694,2,1,1,1,1,1,0,0,1,0.30019819698280414,132367.0,0.15
RAD-L6-0219,RAD-L5-0214,6,6,O,0.08942,0.0007833192,1.0,0.029999967123323697,1.0,0.0007598196497529319,0.0007598196497529319,0.0007598196497529319,0.0007598196497529319,0.00011397294746293978,0.00011397294746293978,0.00011397294746293978,0.0015196392995058638,0.0015196392995058638,0.0015196392995058638,0.001518485232368194,5490.75,2.9800000000000004,5.596501346299894,5.044210361503712,7.154240915389268e-05,7321.0,9.525067903837696e-05,2,1,1,0,1,0,0,0,0,5490.75,250560.0,0.15
RAD-L6-0221,RAD-L5-0214,6,6,O,0.13368,0.0011710368,1.0,0.0075,1.0,0.001162254024,0.001162254024,0.001162254024,0.001162254024,0.0001743381036,0.0001743381036,0.0001743381036,0.002324508048,0.002324508048,0.002324508048,0.0023218084713018117,3309.75,2.9800000000000004,9.963037499999999,6.615575937499999,6.606032110753351e-05,4413.0,8.782580493000001e-05,3,0,0,0,0,0,0,0,0,3309.75,170674.0,0.15
RAD-L6-0227,RAD-L5-0224,6,6,O,0.09366,0.0008204616,1.0,0.0075,1.0,0.000814308138,0.000814308138,0.000814308138,0.000814308138,0.0001221462207,0.0001221462207,0.0001221462207,0.001628616276,0.001628616276,0.001628616276,0.0016272908001742081,5917.5,2.9800000000000004,15.642900000000001,11.24586771,8.270980559009185e-05,7890.0,0.000110015260425,2,1,1,0,1,0,0,0,0,5917.5,151551.0,0.15
RAD-L6-0228,RAD-L5-0224,6,6,O,0.1369,0.001199244,1.0,0.0075,1.0,0.00119024967,0.00119024967,0.00119024967,0.00119024967,0.00017853745049999998,0.00017853745049999998,0.00017853745049999998,0.00238049934,0.00238049934,0.00238049934,0.0023776681984019055,5649.0,2.9800000000000004,19.0880625,16.39878255625,0.00011552715711254413,7532.0,0.00015350959784999997,2,1,1,0,0,0,0,0,0,5649.0,253053.0,0.15
RAD-L6-0229,RAD-L5-0224,6,6,O,0.17915,0.001569354,1.0,0.029999967123323697,1.0,0.0015222734315951435,0.0015222734315951435,0.0015222734315951435,0.0015222734315951435,0.0002283410147392715,0.0002283410147392715,0.0002283410147392715,0.003044546863190287,0.003044546863190287,0.003044546863190287,0.0030399169302636198,6276.75,2.9800000000000004,5.916301423231317,4.767444167671049,0.00016381375839356213,8369.0,0.00021814908131883142,2,1,1,1,0,0,0,0,0,6276.75,424589.0,0.15
RAD-L6-0232,RAD-L5-0224,6,6,O,0.15023,0.0013160148,1.0,0.0075,1.0,0.001306144689,0.001306144689,0.001306144689,0.001306144689,0.00019592170335,0.00019592170335,0.00019592170335,0.002612289378,0.002612289378,0.002612289378,0.0026088803192315657,3637.5,2.9800000000000004,4.3762875,3.7636595374999997,8.150529968025395e-05,4850.0,0.00010847263256250001,3,0,0,0,0,0,0,0,0,3637.5,275353.0,0.15
RAD-L6-0236,RAD-L5-0233,6,6,O,0.16245,0.0014230620000000001,1.0,0.014999983561661849,1.0,0.0014017160933927745,0.0014017160933927745,0.0014017160933927745,0.0014017160933927745,0.00021025741400891617,0.00021025741400891617,0.00021025741400891617,0.002803432186785549,0.002803432186785549,0.002803432186785549,0.002799506240337757,3916.5,2.9800000000000004,10.602638649163126,7.521632379587528,9.425584566585897e-05,5222.0,0.00012533838081673062,3,0,0,0,1,0,0,0,0,3916.5,151549.0,0.15
RAD-L6-0240,RAD-L5-0233,6,6,O,0.11095,0.000971922,1.0,0.0075,1.0,0.000964632585,0.000964632585,0.000964632585,0.000964632585,0.00014469488775,0.00014469488775,0.00014469488775,0.00192926517,0.00192926517,0.00192926517,0.0019274053341830077,3999.75,2.9800000000000004,9.82336875,6.483540743749999,6.622291132918916e-05,5333.0,8.808879410625e-05,3,0,0,0,0,0,0,0,0,3999.75,185920.0,0.15
RAD-L6-0243,RAD-L5-0242,6,6,O,0.12242,0.0010723992,1.0,0.0075,1.0,0.001064356206,0.001064356206,0.001064356206,0.001064356206,0.0001596534309,0.0001596534309,0.0001596534309,0.002128712412,0.002128712412,0.002128712412,0.0021264483105587484,4446.0,2.9800000000000004,8.2870125,6.634681219999999,8.120481399830853e-05,5928.0,0.00010803944502,3,0,0,0,1,0,0,0,0,4446.0,223528.0,0.15
RAD-L6-0248,RAD-L5-0242,6,6,O,0.13833,0.0012117708,1.0,0.029999967123323697,1.0,0.0011754177158389966,0.0011754177158389966,0.0011754177158389966,0.0011754177158389966,0.00017631265737584945,0.00017631265737584945,0.00017631265737584945,0.002350835431677993,0.002350835431677993,0.002350835431677993,0.0023480743820794014,3304.5,2.9800000000000004,14.191128413831875,12.820477643482034,6.682773978306215e-05,4406.0,8.867963109566127e-05,3,0,0,0,0,0,0,0,0,3304.5,228381.0,0.15
RAD-L6-0252,RAD-L5-0251,6,6,O,0.10541,0.0009233916000000001,1.0,0.029999967123323697,1.0,0.0008956898823580468,0.0008956898823580468,0.0008956898823580468,0.0008956898823580468,0.00013435348235370703,0.00013435348235370703,0.00013435348235370703,0.0017913797647160937,0.0017913797647160937,0.0017913797647160937,0.0017897762016584329,4829.25,2.9800000000000004,3.2779507885470816,2.713208890843681,7.415427592430269e-05,6439.0,9.875594439218259e-05,3,0,0,0,1,0,0,0,0,4829.25,241048.0,0.15
RAD-L6-0255,RAD-L5-0251,6,6,O,0.17373,0.0015218748000000002,1.0,0.0075,1.0,0.0015104607390000002,0.0015104607390000002,0.0015104607390000002,0.0015104607390000002,0.00022656911085000003,0.00022656911085000003,0.00022656911085000003,0.0030209214780000005,0.0030209214780000005,0.0030209214780000005,0.003016363086048579,1517.25,2.9800000000000004,5.63330625,3.897188569999999,3.9420107527010874e-05,2023.0,5.232298073625001e-05,3,0,0,0,0,0,0,0,0,1517.25,119738.0,0.15
RAD-L6-0259,RAD-L5-0251,6,6,O,0.10604,0.0009289103999999999,1.0,0.0075,1.0,0.000921943572,0.000921943572,0.000921943572,0.000921943572,0.00013829153579999998,0.00013829153579999998,0.00013829153579999998,0.001843887144,0.001843887144,0.001843887144,0.0018421882284633817,2961.75,2.9800000000000004,13.17541875,20.365402180625,4.712482051108188e-05,3949.0,6.2341698045e-05,3,0,0,0,0,0,0,0,0,2961.75,198156.0,0.15
RAD-L6-0261,RAD-L5-0260,6,6,O,0.19696,0.0017253696,1.0,0.014999983561661849,1.0,0.0016994890843622088,0.0016994890843622088,0.0016994890843622088,0.0016994890843622088,0.0002549233626543313,0.0002549233626543313,0.0002549233626543313,0.0033989781687244177,0.0033989781687244177,0.0033989781687244177,0.003393208181633356,3296.25,2.9800000000000004,10.735726163587767,7.486143888567793,9.622821903463897e-05,4395.0,0.00012789819393445046,3,0,0,0,0,0,0,0,0,3296.25,233911.0,0.15
RAD-L6-0262,RAD-L5-0260,6,6,O,0.11292,0.0009891792,1.0,0.0075,1.0,0.000981760356,0.000981760356,0.000981760356,0.000981760356,0.0001472640534,0.0001472640534,0.0001472640534,0.001963520712,0.001963520712,0.001963520712,0.0019615942662850605,4122.0,2.9800000000000004,9.4043625,6.5718808775,6.945537406511582e-05,5496.0,9.239306364e-05,3,0,0,0,0,0,0,0,0,4122.0,195767.0,0.15
RAD-L6-0266,RAD-L5-0260,6,6,O,0.13934,0.0012206183999999998,1.0,0.014999983561661849,1.0,0.0012023091440649379,0.0012023091440649379,0.0012023091440649379,0.0012023091440649379,0.00018034637160974068,0.00018034637160974068,0.00018034637160974068,0.0024046182881298757,0.0024046182881298757,0.0024046182881298757,0.0024017295095080105,5599.5,2.9800000000000004,18.809702038682698,15.315073212754832,0.00011565627373299061,7466.0,0.00015370616557515115,2,1,1,0,0,0,0,0,0,5599.5,366770.0,0.15
RAD-L6-0270,RAD-L5-0269,6,6,O,0.18656,0.0016342656,1.0,0.029999967123323697,1.0,0.0015852376857292212,0.0015852376857292212,0.0015852376857292212,0.0015852376857292212,0.00023778565285938316,0.00023778565285938316,0.00023778565285938316,0.0031704753714584424,0.0031704753714584424,0.0031704753714584424,0.0031654547217682127,5273.25,2.9800000000000004,13.071828144571898,11.917781214215792,0.0001435440265494202,7031.0,0.000190852845348667,3,0,0,0,0,0,0,0,0,5273.25,131429.0,0.15
RAD-L6-0273,RAD-L5-0269,6,6,O,0.1474,0.0012912239999999999,1.0,0.014999983561661849,1.0,0.0012718556612255766,0.0012718556612255766,0.0012718556612255766,0.0012718556612255766,0.00019077834918383648,0.00019077834918383648,0.00019077834918383648,0.002543711322451153,0.002543711322451153,0.002543711322451153,0.0025404788302284542,6120.0,2.9800000000000004,6.210750673149947,5.21958546430086,0.00013346207766940071,8160.0,0.00017771133896576547,2,1,1,1,0,0,0,0,0,6120.0,214227.0,0.15
RAD-L6-0281,RAD-L5-0278,6,6,O,0.1599,0.001400724,1.0,0.0075,1.0,0.00139021857,0.00139021857,0.00139021857,0.00139021857,0.0002085327855,0.0002085327855,0.0002085327855,0.00278043714,0.00278043714,0.00278043714,0.002776575304681228,4410.0,2.9800000000000004,20.298525,13.673328965,0.00010537698049451132,5880.0,0.00013997406149999998,3,0,0,0,0,0,0,0,0,4410.0,182563.0,0.15
RAD-L6-0283,RAD-L5-0278,6,6,O,0.13846,0.0012129095999999999,1.0,0.0075,1.0,0.001203812778,0.001203812778,0.001203812778,0.001203812778,0.00018057191669999998,0.00018057191669999998,0.00018057191669999998,0.002407625556,0.002407625556,0.002407625556,0.0024047295502230837,2853.75,2.9800000000000004,13.873762499999998,10.2778490225,5.909829937122569e-05,3805.0,7.843334966249999e-05,3,0,0,0,0,0,0,0,0,2853.75,219899.0,0.15
RAD-L6-0284,RAD-L5-0278,6,6,O,0.10043,0.0008797668000000001,1.0,0.029999967123323697,1.0,0.0008533738249238085,0.0008533738249238085,0.0008533738249238085,0.0008533738249238085,0.00012800607373857127,0.00012800607373857127,0.00012800607373857127,0.001706747649847617,0.001706747649847617,0.001706747649847617,0.0017052919843464354,4712.25,2.9800000000000004,9.993752404106955,9.816013072177455,6.904504433418486e-05,6283.0,9.181074900678576e-05,3,0,0,0,0,0,0,0,0,4712.25,589365.0,0.15
RAD-L6-0286,RAD-L5-0278,6,6,O,0.18685,0.0016368059999999998,1.0,0.029999967123323697,1.0,0.0015877018738127409,0.0015877018738127409,0.0015877018738127409,0.0015877018738127409,0.00023815528107191112,0.00023815528107191112,0.00023815528107191112,0.0031754037476254817,0.0031754037476254817,0.0031754037476254817,0.0031703674852776587,3697.5,2.9800000000000004,12.592128029174765,11.374657569441704,0.00010091298964286905,4930.0,0.00013403031229275363,3,0,0,0,1,0,0,0,0,3697.5,120384.0,0.15
RAD-L6-0289,RAD-L5-0287,6,6,O,0.17675,0.0015483299999999999,1.0,0.029999967123323697,1.0,0.0015018801509039442,0.0015018801509039442,0.0015018801509039442,0.0015018801509039442,0.00022528202263559163,0.00022528202263559163,0.00022528202263559163,0.0030037603018078884,0.0030037603018078884,0.0030037603018078884,0.0029992535273851706,3342.75,2.9800000000000004,15.550278740790421,12.69237006933691,8.636897082121435e-05,4457.0,0.00011462123000991232,3,0,0,0,1,0,0,0,0,3342.75,185473.0,0.15
RAD-L6-0292,RAD-L5-0287,6,6,O,0.15881,0.0013911756000000001,1.0,0.0075,1.0,0.0013807417830000001,0.0013807417830000001,0.0013807417830000001,0.0013807417830000001,0.00020711126745,0.00020711126745,0.00020711126745,0.0027614835660000002,0.0027614835660000002,0.0027614835660000002,0.002757674177585323,3517.5,2.9800000000000004,7.169662499999999,4.8905124537499995,8.334976655994888e-05,4690.0,0.0001108849137375,3,0,0,0,0,0,0,0,0,3517.5,297953.0,0.15
RAD-L6-0294,RAD-L5-0287,6,6,O,0.02436,0.0002133936,1.0,0.014999983561661849,1.0,0.00021019269950783615,0.00021019269950783615,0.00021019269950783615,0.00021019269950783615,3.152890492617542e-05,3.152890492617542e-05,3.152890492617542e-05,0.0004203853990156723,0.0004203853990156723,0.0004203853990156723,0.0004202970494545655,5495.25,2.9800000000000004,7.0980007693142255,5.071602233772895,1.9807428424303367e-05,7327.0,2.6371265570101292e-05,2,1,0,0,1,0,0,0,0,5495.25,288204.0,0.15
RAD-L6-0301,RAD-L5-0298,6,6,O,0.08509,0.0007453884000000001,1.0,0.0075,1.0,0.0007397979870000001,0.0007397979870000001,0.0007397979870000001,0.0007397979870000001,0.00011096969805,0.00011096969805,0.00011096969805,0.0014795959740000002,0.0014795959740000002,0.0014795959740000002,0.0014785019115335363,5343.0,2.9800000000000004,8.985356250000002,7.002395481875,6.781036987369741e-05,7124.0,9.0245220195e-05,3,0,0,0,0,0,0,0,0,5343.0,307207.0,0.15
RAD-L6-0303,RAD-L5-0298,6,6,O,0.13053,0.0011434428,1.0,0.014999983561661849,1.0,0.0011262911767962994,0.0011262911767962994,0.0011262911767962994,0.0011262911767962994,0.0001689436765194449,0.0001689436765194449,0.0001689436765194449,0.0022525823535925987,0.0022525823535925987,0.0022525823535925987,0.002250047193872007,5387.25,2.9800000000000004,12.82076388957382,9.41956096532168,0.00010413660373813787,7183.0,0.00013852995758438044,3,0,0,0,0,0,0,0,0,5387.25,271383.0,0.15
RAD-L6-0304,RAD-L5-0298,6,6,O,0.13586,0.0011901336,1.0,0.029999967123323697,1.0,0.0011544296311276373,0.0011544296311276373,0.0011544296311276373,0.0011544296311276373,0.0001731644446691456,0.0001731644446691456,0.0001731644446691456,0.0023088592622552747,0.0023088592622552747,0.0023088592622552747,0.0023061958968817464,3050.25,2.9800000000000004,4.557151096272771,3.4899344636794916,6.042411072608564e-05,4067.0,8.039495393486475e-05,3,0,0,0,0,0,0,0,0,3050.25,237973.0,0.15
RAD-L6-0310,RAD-L5-0307,6,6,O,0.10631,0.0009312756000000001,1.0,0.014999983561661849,1.0,0.0009173064813086233,0.0009173064813086233,0.0009173064813086233,0.0009173064813086233,0.00013759597219629348,0.00013759597219629348,0.00013759597219629348,0.0018346129626172466,0.0018346129626172466,0.0018346129626172466,0.0018329310889422246,4239.75,2.9800000000000004,9.360488514533136,7.124374210565248,6.675374935070469e-05,5653.0,8.879338251434327e-05,3,0,0,0,0,0,0,0,0,4239.75,218309.0,0.15
RAD-L6-0312,RAD-L5-0307,6,6,O,0.19488,0.0017071488,1.0,0.014999983561661849,1.0,0.0016815415960626892,0.0016815415960626892,0.0016815415960626892,0.0016815415960626892,0.0002522312394094034,0.0002522312394094034,0.0002522312394094034,0.0033630831921253783,0.0033630831921253783,0.0033630831921253783,0.0033574343621162184,3644.25,2.9800000000000004,4.791150519287103,3.4381840744064935,0.00010511558912574925,4859.0,0.0001399077160148734,3,0,0,0,1,0,0,0,0,3644.25,132536.0,0.15
RAD-L6-0313,RAD-L5-0307,6,6,O,0.13598,0.0011911848,1.0,0.0075,1.0,0.001182250914,0.001182250914,0.001182250914,0.001182250914,0.0001773376371,0.0001773376371,0.0001773376371,0.002364501828,0.002364501828,0.002364501828,0.0023617085955208728,6008.25,2.9800000000000004,13.92031875,9.506351993125,0.00012188392217631671,8011.0,0.0001621748642475,2,1,1,1,0,0,0,0,0,6008.25,285625.0,0.15
RAD-L6-0315,RAD-L5-0307,6,6,O,0.14477,0.0012681852,1.0,0.029999967123323697,1.0,0.0012301396856937144,0.0012301396856937144,0.0012301396856937144,0.0012301396856937144,0.00018452095285405716,0.00018452095285405716,0.00018452095285405716,0.0024602793713874287,0.0024602793713874287,0.0024602793713874287,0.00245725536457031,4113.0,2.9800000000000004,9.514052288709822,8.084232516458885,8.686943628028228e-05,5484.0,0.00011551517185521111,3,0,0,0,0,0,0,0,0,4113.0,477017.0,0.15
RAD-L6-0318,RAD-L5-0316,6,6,O,0.19592,0.0017162592000000002,1.0,0.0075,1.0,0.0017033872560000003,0.0017033872560000003,0.0017033872560000003,0.0017033872560000003,0.00025550808840000004,0.00025550808840000004,0.00025550808840000004,0.0034067745120000006,0.0034067745120000006,0.0034067745120000006,0.0034009780400048317,5424.75,2.9800000000000004,15.503231249999999,12.230684364374996,0.0001586705428576595,7233.0,0.00021096917847000004,3,0,0,0,1,0,0,0,0,5424.75,297965.0,0.15
RAD-L6-0322,RAD-L5-0316,6,6,O,0.16512,0.0014464512,1.0,0.0075,1.0,0.001435602816,0.001435602816,0.001435602816,0.001435602816,0.0002153404224,0.0002153404224,0.0002153404224,0.002871205632,0.002871205632,0.002871205632,0.0028670876632306275,5339.25,2.9800000000000004,14.38588125,10.897476928125,0.00013159186438844162,7119.0,0.00017500096655999998,3,0,0,0,0,0,0,0,0,5339.25,301199.0,0.15
RAD-L6-0323,RAD-L5-0316,6,6,O,0.04093,0.0003585468,1.0,0.029999967123323697,1.0,0.0003477904077878271,0.0003477904077878271,0.0003477904077878271,0.0003477904077878271,5.216856116817406e-05,5.216856116817406e-05,5.216856116817406e-05,0.0006955808155756542,0.0006955808155756542,0.0006955808155756542,0.0006953389553212563,6587.25,2.9800000000000004,7.595251827121285,6.934578508418071,3.9288194503473475e-05,8783.0,5.230553341781653e-05,2,1,0,0,0,0,0,0,0,6587.25,168912.0,0.15
RAD-L6-0326,RAD-L5-0325,6,6,O,0.09208,0.0008066207999999999,1.0,0.0075,1.0,0.000800571144,0.000800571144,0.000800571144,0.000800571144,0.00012008567159999999,0.00012008567159999999,0.00012008567159999999,0.001601142288,0.001601142288,0.001601142288,0.0015998611435428245,6382.5,2.9800000000000004,13.3150875,11.521704301249999,8.76927221332603e-05,8510.0,0.0001166585691,2,1,1,0,0,0,0,0,0,6382.5,282101.0,0.15
RAD-L6-0337,RAD-L5-0334,6,6,O,0.08051,0.0007052676,1.0,0.0075,1.0,0.000699978093,0.000699978093,0.000699978093,0.000699978093,0.00010499671395,0.00010499671395,0.00010499671395,0.001399956186,0.001399956186,0.001399956186,0.0013989767044690904,4787.25,2.9800000000000004,13.45475625,9.283942568749996,5.752662015147576e-05,6383.0,7.650616725375e-05,3,0,0,0,0,0,0,0,0,4787.25,269454.0,0.15
RAD-L6-0339,RAD-L5-0334,6,6,O,0.10502,0.0009199751999999999,1.0,0.0075,1.0,0.0009130753859999999,0.0009130753859999999,0.0009130753859999999,0.0009130753859999999,0.0001369613079,0.0001369613079,0.0001369613079,0.0018261507719999999,0.0018261507719999999,0.0018261507719999999,0.0018244843731984872,3066.75,2.9800000000000004,13.594424999999998,10.514090719999999,4.815916202240381e-05,4089.0,6.393091187249999e-05,3,0,0,0,0,0,0,0,0,3066.75,273198.0,0.15
RAD-L6-0340,RAD-L5-0334,6,6,O,0.0634,0.000555384,1.0,0.0075,1.0,0.00055121862,0.00055121862,0.00055121862,0.00055121862,8.268279300000001e-05,8.268279300000001e-05,8.268279300000001e-05,0.00110243724,0.00110243724,0.00110243724,0.0011018297793154996,4953.0,2.9800000000000004,7.2627749999999995,6.1901499074999995,4.683631133967818e-05,6604.0,6.23330097e-05,3,0,0,0,1,0,0,0,0,4953.0,184852.0,0.15
RAD-L6-0342,RAD-L5-0334,6,6,O,0.05843,0.0005118468,1.0,0.0075,1.0,0.000508007949,0.000508007949,0.000508007949,0.000508007949,7.620119235e-05,7.620119235e-05,7.620119235e-05,0.001016015898,0.001016015898,0.001016015898,0.0010154999286067223,5086.5,2.9800000000000004,14.29276875,11.694514159999999,4.4373924699135144e-05,6782.0,5.899503270749999e-05,3,0,0,0,0,0,0,0,0,5086.5,285465.0,0.15
RAD-L6-0351,RAD-L5-0343,6,6,O,0.14895,0.0013048019999999999,1.0,0.0075,1.0,0.001295015985,0.001295015985,0.001295015985,0.001295015985,0.00019425239775,0.00019425239775,0.00019425239775,0.00259003197,0.00259003197,0.00259003197,0.0025866807310934714,5327.25,2.9800000000000004,16.201575,11.260288199999996,0.00011844717991337767,7103.0,0.00015750853666875,3,0,0,0,0,0,0,0,0,5327.25,157776.0,0.15
RAD-L6-0354,RAD-L5-0352,6,6,O,0.16272,0.0014254272,1.0,0.014999983561661849,1.0,0.0014040458154316543,0.0014040458154316543,0.0014040458154316543,0.0014040458154316543,0.00021060687231474814,0.00021060687231474814,0.00021060687231474814,0.0028080916308633086,0.0028080916308633086,0.0028080916308633086,0.002804152629447887,3950.25,2.9800000000000004,6.787463235656729,5.905170169189951,9.518505425349901e-05,5267.0,0.00012662858407326238,3,0,0,0,0,0,0,0,0,3950.25,264235.0,0.15
RAD-L6-0357,RAD-L5-0352,6,6,O,0.13752,0.0012046752000000002,1.0,0.0075,1.0,0.0011956401360000003,0.0011956401360000003,0.0011956401360000003,0.0011956401360000003,0.00017934602040000004,0.00017934602040000004,0.00017934602040000004,0.0023912802720000006,0.0023912802720000006,0.0023912802720000006,0.0023884234389469627,3899.25,2.9800000000000004,6.7041,5.425037819999999,8.000255480924985e-05,5199.0,0.00010644063471000002,3,0,0,0,1,0,0,0,0,3899.25,252502.0,0.15
RAD-L6-0358,RAD-L5-0352,6,6,O,0.12346,0.0010815096,1.0,0.0075,1.0,0.0010733982780000001,0.0010733982780000001,0.0010733982780000001,0.0010733982780000001,0.00016100974170000002,0.00016100974170000002,0.00016100974170000002,0.0021467965560000002,0.0021467965560000002,0.0021467965560000002,0.0021444938363918142,4801.5,2.9800000000000004,16.1084625,11.511299765,8.851843780874543e-05,6402.0,0.00011766944821500003,3,0,0,0,0,0,0,0,0,4801.5,161037.0,0.15
RAD-L6-0364,RAD-L5-0361,6,6,O,0.09292,0.0008139792,1.0,0.0075,1.0,0.0008078743560000001,0.0008078743560000001,0.0008078743560000001,0.0008078743560000001,0.00012118115340000001,0.00012118115340000001,0.00012118115340000001,0.0016157487120000002,0.0016157487120000002,0.0016157487120000002,0.0016144440927899906,4480.5,2.9800000000000004,7.7283375,5.8458068225,6.210293142227581e-05,5974.0,8.264111991e-05,3,0,0,0,0,0,0,0,0,4480.5,250196.0,0.15
RAD-L6-0367,RAD-L5-0361,6,6,O,0.15484,0.0013563984000000001,1.0,0.029999967123323697,1.0,0.0013157064925938713,0.0013157064925938713,0.0013157064925938713,0.0013157064925938713,0.0001973559738890807,0.0001973559738890807,0.0001973559738890807,0.0026314129851877427,0.0026314129851877427,0.0026314129851877427,0.0026279538528388713,4995.0,2.9800000000000004,7.595251827121285,5.912257612487547,0.00011273379334898894,6660.0,0.00015004461028553397,3,0,0,0,0,0,0,0,0,4995.0,233802.0,0.15
RAD-L6-0369,RAD-L5-0361,6,6,O,0.11026,0.0009658776000000001,1.0,0.014999983561661849,1.0,0.0009513894518774226,0.0009513894518774226,0.0009513894518774226,0.0009513894518774226,0.00014270841778161336,0.00014270841778161336,0.00014270841778161336,0.0019027789037548452,0.0019027789037548452,0.0019027789037548452,0.0019009697676205528,4200.75,2.9800000000000004,10.469551134738484,7.565416659006401,6.860585681762179e-05,5601.0,9.124541643776442e-05,3,0,0,0,1,0,0,0,0,4200.75,218879.0,0.15
RAD-L6-0373,RAD-L5-0371,6,6,O,0.11183,0.0009796308,1.0,0.014999983561661849,1.0,0.0009649363541035024,0.0009649363541035024,0.0009649363541035024,0.0009649363541035024,0.00014474045311552535,0.00014474045311552535,0.00014474045311552535,0.0019298727082070048,0.0019298727082070048,0.0019298727082070048,0.0019280117012334674,3311.25,2.9800000000000004,4.524975490437819,3.29785357354348,5.481512382986426e-05,4415.0,7.294852745491375e-05,3,0,0,0,1,0,0,0,0,3311.25,240254.0,0.15
RAD-L6-0374,RAD-L5-0371,6,6,O,0.07744,0.0006783744,1.0,0.029999967123323697,1.0,0.0006580231903026956,0.0006580231903026956,0.0006580231903026956,0.0006580231903026956,9.870347854540433e-05,9.870347854540433e-05,9.870347854540433e-05,0.0013160463806053911,0.0013160463806053911,0.0013160463806053911,0.0013151807713364105,6669.75,2.9800000000000004,10.753277586819083,9.189911845584826,7.528866879691332e-05,8893.0,0.00010020205875619643,2,1,1,0,0,0,0,0,0,6669.75,304694.0,0.15
RAD-L6-0375,RAD-L5-0371,6,6,O,0.1053,0.000922428,1.0,0.0075,1.0,0.00091550979,0.00091550979,0.00091550979,0.00091550979,0.0001373264685,0.0001373264685,0.0001373264685,0.00183101958,0.00183101958,0.00183101958,0.001829344286303325,5141.25,2.9800000000000004,14.898,12.262721799999998,8.083595152177476e-05,6855.0,0.00010746266456250001,3,0,0,0,0,0,0,0,0,5141.25,134539.0,0.15
RAD-L6-0377,RAD-L5-0371,6,6,O,0.17198,0.0015065448,1.0,0.0075,1.0,0.001495245714,0.001495245714,0.001495245714,0.001495245714,0.0002242868571,0.0002242868571,0.0002242868571,0.002990491428,0.002990491428,0.002990491428,0.0029860243625260408,3551.25,2.9800000000000004,13.547868750000001,10.747686148125002,9.127598639929145e-05,4735.0,0.00012123267903750001,3,0,0,0,0,0,0,0,0,3551.25,207828.0,0.15
RAD-L6-0392,RAD-L5-0389,6,6,O,0.08559,0.0007497684000000001,1.0,0.0075,1.0,0.0007441451370000001,0.0007441451370000001,0.0007441451370000001,0.0007441451370000001,0.00011162177055000001,0.00011162177055000001,0.00011162177055000001,0.0014882902740000002,0.0014882902740000002,0.0014882902740000002,0.0014871833192549033,4726.5,2.9800000000000004,11.1735,9.81605325,6.038911148680274e-05,6302.0,8.03014152975e-05,3,0,0,0,0,0,0,0,0,4726.5,112104.0,0.15
RAD-L6-0393,RAD-L5-0389,6,6,O,0.10687,0.0009361812000000001,1.0,0.0075,1.0,0.0009291598410000001,0.0009291598410000001,0.0009291598410000001,0.0009291598410000001,0.00013937397615000003,0.00013937397615000003,0.00013937397615000003,0.0018583196820000003,0.0018583196820000003,0.0018583196820000003,0.001856594075055007,4807.5,2.9800000000000004,2.2347,1.5482268599999998,7.656067435199915e-05,6410.0,0.00010198483871250002,3,0,0,0,1,0,0,0,0,4807.5,253077.0,0.15
RAD-L6-0396,RAD-L5-0389,6,6,O,0.15239,0.0013349364,1.0,0.014999983561661849,1.0,0.001314912375944136,0.001314912375944136,0.001314912375944136,0.001314912375944136,0.0001972368563916204,0.0001972368563916204,0.0001972368563916204,0.002629824751888272,0.002629824751888272,0.002629824751888272,0.0026263697920853035,4582.5,2.9800000000000004,11.756063774176688,9.889334479874542,0.00010346760290996154,6110.0,0.00013757045577086766,3,0,0,0,0,0,0,0,0,4582.5,164423.0,0.15
RAD-L6-0406,RAD-L5-0398,6,6,O,0.18911,0.0016566036,1.0,0.029999967123323697,1.0,0.0016069055464636203,0.0016069055464636203,0.0016069055464636203,0.0016069055464636203,0.00024103583196954302,0.00024103583196954302,0.00024103583196954302,0.0032138110929272406,0.0032138110929272406,0.0032138110929272406,0.003208652329966366,5430.75,2.9800000000000004,11.672702807996922,11.402070673140084,0.0001498255637943768,7241.0,0.00019923977845792934,2,1,1,1,1,1,0,0,1,0.3001077705846239,110820.0,0.15
RAD-L6-0408,RAD-L5-0407,6,6,O,0.11664,0.0010217664,1.0,0.014999983561661849,1.0,0.0010064399207961416,0.0010064399207961416,0.0010064399207961416,0.0010064399207961416,0.00015096598811942125,0.00015096598811942125,0.00015096598811942125,0.0020128798415922832,0.0020128798415922832,0.0020128798415922832,0.0020108553575394206,5288.25,2.9800000000000004,14.018551519395597,9.779500891023682,9.135526681877322e-05,7051.0,0.00012151383358790401,3,0,0,0,0,0,0,0,0,5288.25,234154.0,0.15
RAD-L6-0413,RAD-L5-0407,6,6,O,0.0731,0.000640356,1.0,0.0075,1.0,0.0006355533300000001,0.0006355533300000001,0.0006355533300000001,0.0006355533300000001,9.53329995e-05,9.53329995e-05,9.53329995e-05,0.0012711066600000001,0.0012711066600000001,0.0012711066600000001,0.001270299146111098,6135.75,2.9800000000000004,8.56635,7.386009319999999,6.688672082687734e-05,8181.0,8.90318800125e-05,2,1,1,0,0,0,0,0,0,6135.75,296659.0,0.15
RAD-L6-0414,RAD-L5-0407,6,6,O,0.11463,0.0010041587999999998,1.0,0.014999983561661849,1.0,0.0009890964345067017,0.0009890964345067017,0.0009890964345067017,0.0009890964345067017,0.00014836446517600525,0.00014836446517600525,0.00014836446517600525,0.0019781928690134035,0.0019781928690134035,0.0019781928690134035,0.0019762375350549366,4362.0,2.9800000000000004,16.458489283847364,11.748256737062203,7.41268204373863e-05,5816.0,9.85031654638866e-05,3,0,0,0,0,0,0,0,0,4362.0,114336.0,0.15
RAD-L6-0418,RAD-L5-0416,6,6,O,0.17978,0.0015748727999999998,1.0,0.0075,1.0,0.0015630612539999998,0.0015630612539999998,0.0015630612539999998,0.0015630612539999998,0.00023445918809999994,0.00023445918809999994,0.00023445918809999994,0.0031261225079999995,0.0031261225079999995,0.0031261225079999995,0.0031212412748016227,3574.5,2.9800000000000004,15.363562499999999,13.277374274999998,9.610571445623335e-05,4766.0,0.00012756078658499997,3,0,0,0,1,0,0,0,0,3574.5,216607.0,0.15
RAD-L6-0427,RAD-L5-0425,6,6,O,0.08799,0.0007707924,1.0,0.029999967123323697,1.0,0.0007476686533410922,0.0007476686533410922,0.0007476686533410922,0.0007476686533410922,0.00011215029800116383,0.00011215029800116383,0.00011215029800116383,0.0014953373066821844,0.0014953373066821844,0.0014953373066821844,0.0014942198469143353,4896.75,2.9800000000000004,4.836976163587766,3.8996425221424413,6.27789412895204e-05,6529.0,8.358781913808203e-05,3,0,0,0,0,0,0,0,0,4896.75,143898.0,0.15
RAD-L6-0429,RAD-L5-0425,6,6,O,0.14182,0.0012423432,1.0,0.0075,1.0,0.001233025626,0.001233025626,0.001233025626,0.001233025626,0.00018495384390000005,0.00018495384390000005,0.00018495384390000005,0.002466051252,0.002466051252,0.002466051252,0.002463013045581941,5813.25,2.9800000000000004,8.05423125,12.56952952,0.0001230660819985429,7751.0,0.00016365037032750005,2,1,1,1,0,0,0,0,0,5813.25,181040.0,0.15
RAD-L6-0430,RAD-L5-0425,6,6,O,0.08747,0.0007662372,1.0,0.029999967123323697,1.0,0.0007432501091913324,0.0007432501091913324,0.0007432501091913324,0.0007432501091913324,0.00011148751637869985,0.00011148751637869985,0.00011148751637869985,0.0014865002183826648,0.0014865002183826648,0.0014865002183826648,0.001485395924178623,5411.25,2.9800000000000004,15.390378702324712,14.107051288280779,6.908582373454399e-05,7215.0,9.182447838725107e-05,3,0,0,0,0,0,0,0,0,5411.25,138059.0,0.15
RAD-L6-0431,RAD-L5-0425,6,6,O,0.17836,0.0015624335999999998,1.0,0.0075,1.0,0.001550715348,0.001550715348,0.001550715348,0.001550715348,0.00023260730220000001,0.00023260730220000001,0.00023260730220000001,0.003101430696,0.003101430696,0.003101430696,0.003096626228010546,5805.75,2.9800000000000004,12.477075000000003,9.2319368675,0.00015448635050651093,7741.0,0.00020554944364500002,2,1,1,1,0,0,0,0,0,5805.75,144321.0,0.15
RAD-L6-0436,RAD-L5-0434,6,6,O,0.16038,0.0014049288,1.0,0.0075,1.0,0.0013943918340000002,0.0013943918340000002,0.0013943918340000002,0.0013943918340000002,0.00020915877510000003,0.00020915877510000003,0.00020915877510000003,0.0027887836680000003,0.0027887836680000003,0.0027887836680000003,0.002784898623182208,5109.75,2.9800000000000004,7.123106249999999,4.7284030349999995,0.0001221873665757994,6813.0,0.00016267108844250002,3,0,0,0,0,0,0,0,0,5109.75,288927.0,0.15
RAD-L6-0446,RAD-L5-0444,6,6,O,0.17994,0.0015762744,1.0,0.0075,1.0,0.0015644523420000002,0.0015644523420000002,0.0015644523420000002,0.0015644523420000002,0.0002346678513,0.0002346678513,0.0002346678513,0.0031289046840000004,0.0031289046840000004,0.0031289046840000004,0.0031240147631008686,4689.75,2.9800000000000004,16.99303125,12.503675425,0.0001260464699173957,6253.0,0.0001675089125775,3,0,0,0,0,0,0,0,0,4689.75,260552.0,0.15
RAD-L6-0451,RAD-L5-0444,6,6,O,0.10091,0.0008839716,1.0,0.0075,1.0,0.000877341813,0.000877341813,0.000877341813,0.000877341813,0.00013160127195,0.00013160127195,0.00013160127195,0.001754683626,0.001754683626,0.001754683626,0.0017531450687117145,5148.75,2.9800000000000004,11.6390625,8.11838515625,7.751627974380319e-05,6865.0,0.00010313273195624999,3,0,0,0,0,0,0,0,0,5148.75,252679.0,0.15
RAD-L6-0452,RAD-L5-0444,6,6,O,0.13118,0.0011491368,1.0,0.0075,1.0,0.001140518274,0.001140518274,0.001140518274,0.001140518274,0.0001710777411,0.0001710777411,0.0001710777411,0.002281036548,0.002281036548,0.002281036548,0.0022784369610932,5487.75,2.9800000000000004,9.07846875,7.544316,0.00010737812213806251,7317.0,0.0001428967844325,2,1,1,0,0,0,0,0,0,5487.75,196266.0,0.15
RAD-L6-0458,RAD-L5-0453,6,6,O,0.14879,0.0013034004,1.0,0.029999967123323697,1.0,0.001264298430851473,0.001264298430851473,0.001264298430851473,0.001264298430851473,0.00018964476462772096,0.00018964476462772096,0.00018964476462772096,0.002528596861702946,0.002528596861702946,0.002528596861702946,0.002525402653513975,4101.75,2.9800000000000004,5.076826221286332,4.434175947790194,8.895907225619652e-05,5469.0,0.00011839808421792304,3,0,0,0,0,0,0,0,0,4101.75,141100.0,0.15
RAD-L6-0461,RAD-L5-0453,6,6,O,0.09223,0.0008079348000000001,1.0,0.0075,1.0,0.0008018752890000001,0.0008018752890000001,0.0008018752890000001,0.0008018752890000001,0.00012028129335000001,0.00012028129335000001,0.00012028129335000001,0.0016037505780000002,0.0016037505780000002,0.0016037505780000002,0.001602465257244945,3386.25,2.9800000000000004,16.248131249999997,12.252909906874999,4.670488170222837e-05,4515.0,6.199429674375e-05,3,0,0,0,1,0,0,0,0,3386.25,217883.0,0.15
RAD-L6-0465,RAD-L5-0462,6,6,O,0.02037,0.00017844119999999998,1.0,0.0075,1.0,0.000177102891,0.000177102891,0.000177102891,0.000177102891,2.6565433649999997e-05,2.6565433649999997e-05,2.6565433649999997e-05,0.000354205782,0.000354205782,0.000354205782,0.0003541430585378702,5513.25,2.9800000000000004,6.56443125,4.468486783125001,1.674198051966809e-05,7351.0,2.2292523146249996e-05,2,1,0,0,0,0,0,0,0,5513.25,202465.0,0.15
RAD-L6-0466,RAD-L5-0462,6,6,O,0.12172,0.0010662672,1.0,0.014999983561661849,1.0,0.0010502732095276606,0.0010502732095276606,0.0010502732095276606,0.0010502732095276606,0.0001575409814291491,0.0001575409814291491,0.0001575409814291491,0.0021005464190553213,0.0021005464190553213,0.0021005464190553213,0.002098341815320315,5804.25,2.9800000000000004,10.691363658779553,7.542878591691406,0.0001045736331142618,7739.0,0.00013917918439271514,2,1,1,0,0,0,0,0,0,5804.25,201275.0,0.15
RAD-L6-0467,RAD-L5-0462,6,6,O,0.1746,0.0015294960000000002,1.0,0.029999967123323697,1.0,0.0014836111702847452,0.0014836111702847452,0.0014836111702847452,0.0014836111702847452,0.00022254167554271173,0.00022254167554271173,0.00022254167554271173,0.0029672223405694904,0.0029672223405694904,0.0029672223405694904,0.0029628244872385023,5602.5,2.9800000000000004,8.114926952134848,7.000868843827978,0.00014258115256894063,7470.0,0.00018977012743196995,2,1,1,1,1,1,0,0,1,0.30010086241595196,253841.0,0.15
RAD-L6-0468,RAD-L5-0462,6,6,O,0.06384,0.0005592383999999999,1.0,0.0075,1.0,0.000555044112,0.000555044112,0.000555044112,0.000555044112,8.32566168e-05,8.32566168e-05,8.32566168e-05,0.001110088224,0.001110088224,0.001110088224,0.00110947230399705,4207.5,2.9800000000000004,7.449,5.865431600000001,4.007290592410408e-05,5610.0,5.3318449799999994e-05,3,0,0,0,0,0,0,0,0,4207.5,199908.0,0.15
RAD-L6-0474,RAD-L5-0471,6,6,O,0.07372,0.0006457872,1.0,0.029999967123323697,1.0,0.0006264136052313368,0.0006264136052313368,0.0006264136052313368,0.0006264136052313368,9.39620407847005e-05,9.39620407847005e-05,9.39620407847005e-05,0.0012528272104626735,0.0012528272104626735,0.0012528272104626735,0.0012520427500850584,5124.75,2.9800000000000004,10.873202615668365,9.43484052303504,5.510256760992635e-05,6833.0,7.329253706413911e-05,3,0,0,0,1,0,0,0,0,5124.75,259075.0,0.15
RAD-L6-0478,RAD-L5-0471,6,6,O,0.13393,0.0011732268,1.0,0.014999983561661849,1.0,0.0011556284172858987,0.0011556284172858987,0.0011556284172858987,0.0011556284172858987,0.0001733442625928848,0.0001733442625928848,0.0001733442625928848,0.0023112568345717973,0.0023112568345717973,0.0023112568345717973,0.0023085879370592366,5034.0,2.9800000000000004,16.857751827121287,15.290172531931471,9.997511957506558e-05,6712.0,0.00013281811535655738,3,0,0,0,0,0,0,0,0,5034.0,304426.0,0.15
RAD-L6-0483,RAD-L5-0480,6,6,O,0.10429,0.0009135803999999999,1.0,0.014999983561661849,1.0,0.0008998767090177435,0.0008998767090177435,0.0008998767090177435,0.0008998767090177435,0.0001349815063526615,0.0001349815063526615,0.0001349815063526615,0.001799753418035487,0.001799753418035487,0.001799753418035487,0.0017981348330161628,2775.0,2.9800000000000004,7.71907583662922,6.92023923149454,4.291210380517745e-05,3700.0,5.701273670146661e-05,3,0,0,0,0,0,0,0,0,2775.0,129078.0,0.15
RAD-L6-0485,RAD-L5-0480,6,6,O,0.16393,0.0014360267999999998,1.0,0.014999983561661849,1.0,0.0014144864216058938,0.0014144864216058938,0.0014144864216058938,0.0014144864216058938,0.00021217296324088406,0.00021217296324088406,0.00021217296324088406,0.0028289728432117876,0.0028289728432117876,0.0028289728432117876,0.0028249750702902254,3939.0,2.9800000000000004,8.650688437601714,7.312525270049019,9.565446321822149e-05,5252.0,0.00012720689531291358,3,0,0,0,0,0,0,0,0,3939.0,305669.0,0.15
RAD-L6-0486,RAD-L5-0480,6,6,O,0.06822,0.0005976072000000001,1.0,0.0075,1.0,0.0005931251460000001,0.0005931251460000001,0.0005931251460000001,0.0005931251460000001,8.896877190000002e-05,8.896877190000002e-05,8.896877190000002e-05,0.0011862502920000002,0.0011862502920000002,0.0011862502920000002,0.0011855469752530823,6132.75,2.9800000000000004,8.79913125,7.657109145,6.239379068572169e-05,8177.0,8.304767669250001e-05,2,1,1,0,0,0,0,0,0,6132.75,398997.0,0.15
RAD-L6-0488,RAD-L5-0480,6,6,O,0.11591,0.0010153716,1.0,0.0075,1.0,0.001007756313,0.001007756313,0.001007756313,0.001007756313,0.00015116344695,0.00015116344695,0.00015116344695,0.002015512626,0.002015512626,0.002015512626,0.0020134828443397756,5364.75,2.9800000000000004,16.294687500000002,11.9409416875,9.283214646144232e-05,7153.0,0.00012343289224125,3,0,0,0,0,0,0,0,0,5364.75,273861.0,0.15
RAD-L6-0490,RAD-L5-0489,6,6,O,0.13823,0.0012108948,1.0,0.014999983561661849,1.0,0.001192731397905098,0.001192731397905098,0.001192731397905098,0.001192731397905098,0.0001789097096857647,0.0001789097096857647,0.0001789097096857647,0.002385462795810196,0.002385462795810196,0.002385462795810196,0.0023826198404724996,4122.0,2.9800000000000004,7.896525855862077,6.033825167523103,8.436968997358467e-05,5496.0,0.00011224746169326059,3,0,0,0,0,0,0,0,0,4122.0,216398.0,0.15
RAD-L6-0494,RAD-L5-0489,6,6,O,0.1319,0.001155444,1.0,0.029999967123323697,1.0,0.0011207807179871585,0.0011207807179871585,0.0011207807179871585,0.0011207807179871585,0.00016811710769807376,0.00016811710769807376,0.00016811710769807376,0.002241561435974317,0.002241561435974317,0.002241561435974317,0.0022390510132446195,6753.75,2.9800000000000004,17.54902922161181,17.007026671940494,0.00012999783986660234,9005.0,0.0001728190131074377,2,1,1,1,0,0,0,0,0,6753.75,128482.0,0.15
RAD-L6-0495,RAD-L5-0489,6,6,O,0.11373,0.0009962748,1.0,0.0075,1.0,0.000988802739,0.000988802739,0.000988802739,0.000988802739,0.00014832041085,0.00014832041085,0.00014832041085,0.001977605478,0.001977605478,0.001977605478,0.001975651304693571,6045.75,2.9800000000000004,9.4043625,8.043663608749998,0.00010255058883697596,8061.0,0.00013648525477875,2,1,1,0,0,0,0,0,0,6045.75,251812.0,0.15
RAD-L6-0497,RAD-L5-0489,6,6,O,0.07248,0.0006349248,1.0,0.0075,1.0,0.000630162864,0.000630162864,0.000630162864,0.000630162864,9.45244296e-05,9.45244296e-05,9.45244296e-05,0.001260325728,0.001260325728,0.001260325728,0.0012595318510791875,3837.0,2.9800000000000004,17.039587500000003,14.0135603475,4.1586363353187285e-05,5116.0,5.5203993359999997e-05,3,0,0,0,0,0,0,0,0,3837.0,270392.0,0.15
RAD-L6-0504,RAD-L5-0498,6,6,O,0.12312,0.0010785311999999998,1.0,0.014999983561661849,1.0,0.0010623532497292603,0.0010623532497292603,0.0010623532497292603,0.0010623532497292603,0.00015935298745938905,0.00015935298745938905,0.00015935298745938905,0.0021247064994585206,0.0021247064994585206,0.0021247064994585206,0.002122450908376594,4482.75,2.9800000000000004,9.98156358184813,7.1339369539595,8.172959938380885e-05,5977.0,0.00010872748927451693,3,0,0,0,0,0,0,0,0,4482.75,336097.0,0.15
RAD-L6-0505,RAD-L5-0498,6,6,O,0.1529,0.001339404,1.0,0.0075,1.0,0.00132935847,0.00132935847,0.00132935847,0.00132935847,0.0001994037705,0.0001994037705,0.0001994037705,0.00265871694,0.00265871694,0.00265871694,0.0026551856823479048,5023.5,2.9800000000000004,9.26469375,6.434440503124999,0.00011456416849774212,6698.0,0.00015246649027500001,3,0,0,0,0,0,0,0,0,5023.5,458305.0,0.15
RAD-L6-0510,RAD-L5-0507,6,6,O,0.19788,0.0017334287999999998,1.0,0.014999983561661849,1.0,0.0017074273964946885,0.0017074273964946885,0.0017074273964946885,0.0017074273964946885,0.00025611410947420324,0.00025611410947420324,0.00025611410947420324,0.003414854792989377,0.003414854792989377,0.003414854792989377,0.0034090308076016873,1455.0,2.9800000000000004,16.76902681750486,12.419331877225337,4.2989727791689387e-05,1940.0,5.671933474657013e-05,3,0,0,0,0,0,0,0,0,1455.0,143251.0,0.15
RAD-L6-0511,RAD-L5-0507,6,6,O,0.14421,0.0012632796000000002,1.0,0.014999983561661849,1.0,0.0012443304267662173,0.0012443304267662173,0.0012443304267662173,0.0012443304267662173,0.0001866495640149326,0.0001866495640149326,0.0001866495640149326,0.0024886608535324346,0.0024886608535324346,0.0024886608535324346,0.002485566704405362,5605.5,2.9800000000000004,12.68767637514918,11.325164155283117,0.00011974134517562218,7474.0,0.00015924872619264914,2,1,1,1,0,0,0,0,0,5605.5,435397.0,0.15
RAD-L6-0514,RAD-L5-0507,6,6,O,0.07088,0.0006209088,1.0,0.029999967123323697,1.0,0.0006022815564134177,0.0006022815564134177,0.0006022815564134177,0.0006022815564134177,9.034223346201266e-05,9.034223346201266e-05,9.034223346201266e-05,0.0012045631128268354,0.0012045631128268354,0.0012045631128268354,0.0012038379178906933,5148.75,2.9800000000000004,14.790753558078293,25.48616865800284,5.339283924568583e-05,6865.0,7.079902199962521e-05,3,0,0,0,0,0,0,0,0,5148.75,156355.0,0.15
RAD-L6-0519,RAD-L5-0517,6,6,O,0.19423,0.0017014548000000003,1.0,0.0075,1.0,0.0016886938890000004,0.0016886938890000004,0.0016886938890000004,0.0016886938890000004,0.00025330408335000006,0.00025330408335000006,0.00025330408335000006,0.0033773877780000007,0.0033773877780000007,0.0033773877780000007,0.0033716908193160977,2784.75,2.9800000000000004,10.4286,8.9322205,8.086826029718359e-05,3713.0,0.00010736507551125003,3,0,0,0,0,0,0,0,0,2784.75,237297.0,0.15
RAD-L6-0521,RAD-L5-0517,6,6,O,0.16357,0.0014328732,1.0,0.029999967123323697,1.0,0.0013898870511081084,0.0013898870511081084,0.0013898870511081084,0.0013898870511081084,0.00020848305766621626,0.00020848305766621626,0.00020848305766621626,0.002779774102216217,0.002779774102216217,0.002779774102216217,0.002775914107652544,5344.5,2.9800000000000004,5.556526336683467,5.069302077196491,0.00012738765351669244,7126.0,0.0001695947795581572,3,0,0,0,0,0,0,0,0,5344.5,173775.0,0.15
RAD-L6-0523,RAD-L5-0517,6,6,O,0.14541,0.0012737916,1.0,0.029999967123323697,1.0,0.0012355778938780342,0.0012355778938780342,0.0012355778938780342,0.0012355778938780342,0.00018533668408170516,0.00018533668408170516,0.00018533668408170516,0.0024711557877560683,0.0024711557877560683,0.0024711557877560683,0.002468104995803855,3957.75,2.9800000000000004,5.916301423231317,5.178035486443301,8.39073338664437e-05,5277.0,0.00011164631071908198,3,0,0,0,0,0,0,0,0,3957.75,181269.0,0.15
RAD-L6-0533,RAD-L5-0526,6,6,O,0.14438,0.0012647688000000002,1.0,0.014999983561661849,1.0,0.0012457972887906974,0.0012457972887906974,0.0012457972887906974,0.0012457972887906974,0.0001868695933186046,0.0001868695933186046,0.0001868695933186046,0.002491594577581395,0.002491594577581395,0.002491594577581395,0.002488493132194791,6171.0,2.9800000000000004,9.138675990492066,8.411341262424918,0.00013188367073951732,8228.0,0.0001755208919892099,2,1,1,1,0,0,0,0,0,6171.0,247417.0,0.15
RAD-L6-0536,RAD-L5-0535,6,6,O,0.11554,0.0010121304000000001,1.0,0.0075,1.0,0.001004539422,0.001004539422,0.001004539422,0.001004539422,0.0001506809133,0.0001506809133,0.0001506809133,0.002009078844,0.002009078844,0.002009078844,0.0020070619959943192,3324.75,2.9800000000000004,10.4286,7.407559179999998,5.736775952036247e-05,4433.0,7.62521105775e-05,3,0,0,0,0,0,0,0,0,3324.75,226435.0,0.15
RAD-L6-0538,RAD-L5-0535,6,6,O,0.18643,0.0016331268,1.0,0.0075,1.0,0.001620878349,0.001620878349,0.001620878349,0.001620878349,0.00024313175235,0.00024313175235,0.00024313175235,0.003241756698,0.003241756698,0.003241756698,0.003236507878086381,1417.5,2.9800000000000004,8.6594625,5.84610659625,3.9587347684851496e-05,1890.0,5.2456508212500004e-05,3,0,0,0,1,0,0,0,0,1417.5,110622.0,0.15
RAD-L6-0540,RAD-L5-0535,6,6,O,0.14825,0.0012986699999999998,1.0,0.0075,1.0,0.0012889299749999999,0.0012889299749999999,0.0012889299749999999,0.0012889299749999999,0.00019333949624999997,0.00019333949624999997,0.00019333949624999997,0.0025778599499999997,0.0025778599499999997,0.0025778599499999997,0.002574540122335378,3730.5,2.9800000000000004,9.730256249999998,7.915679715624998,8.257529177946863e-05,4974.0,0.00010977975506249999,3,0,0,0,0,0,0,0,0,3730.5,198413.0,0.15
RAD-L6-0541,RAD-L5-0535,6,6,O,0.11044,0.0009674544,1.0,0.014999983561661849,1.0,0.0009529425999033425,0.0009529425999033425,0.0009529425999033425,0.0009529425999033425,0.00014294138998550138,0.00014294138998550138,0.00014294138998550138,0.001905885199806685,0.001905885199806685,0.001905885199806685,0.0019040701538820537,5865.0,2.9800000000000004,11.534251250135618,9.935735138525875,9.591295038793962e-05,7820.0,0.00012760293032952293,2,1,1,0,0,0,0,0,0,5865.0,230199.0,0.15
RAD-L6-0545,RAD-L5-0544,6,6,O,0.03171,0.0002777796,1.0,0.014999983561661849,1.0,0.000273612910566235,0.000273612910566235,0.000273612910566235,0.000273612910566235,4.104193658493525e-05,4.104193658493525e-05,4.104193658493525e-05,0.00054722582113247,0.00054722582113247,0.00054722582113247,0.0005470761203907326,6375.75,2.9800000000000004,8.473238418368858,6.676160866474668,2.99166021373672e-05,8501.0,3.982848206718431e-05,2,1,0,0,0,0,0,0,0,6375.75,308816.0,0.15
RAD-L6-0548,RAD-L5-0544,6,6,O,0.17436,0.0015273936,1.0,0.0075,1.0,0.001515938148,0.001515938148,0.001515938148,0.001515938148,0.00022739072219999997,0.00022739072219999997,0.00022739072219999997,0.003031876296,0.003031876296,0.003031876296,0.0030272848005171715,3095.25,2.9800000000000004,13.03575,9.534503299999997,8.067086927316338e-05,4127.0,0.00010712802631499999,3,0,0,0,0,0,0,0,0,3095.25,439750.0,0.15
RAD-L6-0550,RAD-L5-0544,6,6,O,0.10791,0.0009452916,1.0,0.029999967123323697,1.0,0.000916932883078046,0.000916932883078046,0.000916932883078046,0.000916932883078046,0.00013753993246170691,0.00013753993246170691,0.00013753993246170691,0.001833865766156092,0.001833865766156092,0.001833865766156092,0.0018321852617620982,3937.5,2.9800000000000004,12.11242791377763,9.358242952751285,6.201603711990736e-05,5250.0,8.24297540438312e-05,3,0,0,0,0,0,0,0,0,3937.5,283803.0,0.15
RAD-L6-0554,RAD-L5-0553,6,6,O,0.1909,0.0016722839999999998,1.0,0.014999983561661849,1.0,0.0016471997674895695,0.0016471997674895695,0.0016471997674895695,0.0016471997674895695,0.0002470799651234354,0.0002470799651234354,0.0002470799651234354,0.003294399534979139,0.003294399534979139,0.003294399534979139,0.003288978954983701,4077.75,2.9800000000000004,16.946476836737716,14.362331752418903,0.00011550402631354285,5437.0,0.0001533531701342601,3,0,0,0,0,0,0,0,0,4077.75,292117.0,0.15
RAD-L6-0557,RAD-L5-0553,6,6,O,0.15032,0.0013168032000000001,1.0,0.029999967123323697,1.0,0.0012772991472921127,0.0012772991472921127,0.0012772991472921127,0.0012772991472921127,0.0001915948720938169,0.0001915948720938169,0.0001915948720938169,0.0025545982945842254,0.0025545982945842254,0.0025545982945842254,0.002551338085126975,3046.5,2.9800000000000004,7.795126875203426,6.039001369693704,6.682896943466367e-05,4062.0,8.8842279731174e-05,3,0,0,0,0,0,0,0,0,3046.5,139994.0,0.15
RAD-L6-0559,RAD-L5-0553,6,6,O,0.12556,0.0010999056,1.0,0.014999983561661849,1.0,0.00108340703408062,0.00108340703408062,0.00108340703408062,0.00108340703408062,0.000162511055112093,0.000162511055112093,0.000162511055112093,0.00216681406816124,0.00216681406816124,0.00216681406816124,0.002164468221202198,5663.25,2.9800000000000004,8.783775952026355,7.620903862549191,0.00010525839006111934,7551.0,0.00014008230332778702,2,1,1,0,1,0,0,0,0,5663.25,209365.0,0.15
RAD-L6-0563,RAD-L5-0562,6,6,O,0.15382,0.0013474632000000002,1.0,0.0075,1.0,0.0013373572260000004,0.0013373572260000004,0.0013373572260000004,0.0013373572260000004,0.00020060358390000004,0.00020060358390000004,0.00020060358390000004,0.0026747144520000007,0.0026747144520000007,0.0026747144520000007,0.00267114059036333,5313.75,2.9800000000000004,17.2258125,14.872972324999997,0.0001220934548151013,7085.0,0.00016224616346250005,3,0,0,0,0,0,0,0,0,5313.75,278652.0,0.15
RAD-L6-0564,RAD-L5-0562,6,6,O,0.16703,0.0014631828,1.0,0.0075,1.0,0.0014522089290000002,0.0014522089290000002,0.0014522089290000002,0.0014522089290000002,0.00021783133935,0.00021783133935,0.00021783133935,0.0029044178580000003,0.0029044178580000003,0.0029044178580000003,0.0029002041169284842,3133.5,2.9800000000000004,13.221975,10.53278326,7.825548053985127e-05,4178.0,0.0001038926182425,3,0,0,0,0,0,0,0,0,3133.5,150990.0,0.15
RAD-L6-0567,RAD-L5-0562,6,6,O,0.19267,0.0016877892000000002,1.0,0.0075,1.0,0.0016751307810000003,0.0016751307810000003,0.0016751307810000003,0.0016751307810000003,0.00025126961715000003,0.00025126961715000003,0.00025126961715000003,0.0033502615620000006,0.0033502615620000006,0.0033502615620000006,0.003344655697850918,1396.5,2.9800000000000004,9.730256249999998,6.917355424374998,4.034074486966384e-05,1862.0,5.340913551750001e-05,3,0,0,0,0,0,0,0,0,1396.5,214828.0,0.15
RAD-L6-0568,RAD-L5-0562,6,6,O,0.09684,0.0008483184,1.0,0.014999983561661849,1.0,0.0008355936379449446,0.0008355936379449446,0.0008355936379449446,0.0008355936379449446,0.00012533904569174168,0.00012533904569174168,0.00012533904569174168,0.0016711872758898893,0.0016711872758898893,0.0016711872758898893,0.0016697916200100194,2913.75,2.9800000000000004,2.439937764451765,1.9273345752990956,4.17604708923368e-05,3885.0,5.558700827767311e-05,3,0,0,0,0,0,0,0,0,2913.75,113440.0,0.15
RAD-L6-0572,RAD-L5-0571,6,6,O,0.08465,0.000741534,1.0,0.014999983561661849,1.0,0.0007304110021895865,0.0007304110021895865,0.0007304110021895865,0.0007304110021895865,0.00010956165032843798,0.00010956165032843798,0.00010956165032843798,0.001460822004379173,0.001460822004379173,0.001460822004379173,0.0014597555232911397,5756.25,2.9800000000000004,8.16270088471136,5.7539806403456,7.210287203606895e-05,7675.0,9.59915144144705e-05,2,1,1,0,0,0,0,0,0,5756.25,254854.0,0.15
RAD-L6-0573,RAD-L5-0571,6,6,O,0.15976,0.0013994976000000002,1.0,0.029999967123323697,1.0,0.0013575127180108298,0.0013575127180108298,0.0013575127180108298,0.0013575127180108298,0.00020362690770162447,0.00020362690770162447,0.00020362690770162447,0.0027150254360216596,0.0027150254360216596,0.0027150254360216596,0.0027113430877727662,5265.75,2.9800000000000004,13.39162822150332,11.05632853723037,0.0001227290597494691,7021.0,0.00016320371221154173,3,0,0,0,1,0,0,0,0,5265.75,372491.0,0.15
RAD-L6-0576,RAD-L5-0571,6,6,O,0.16086,0.0014091336000000001,1.0,0.0075,1.0,0.001398565098,0.001398565098,0.001398565098,0.001398565098,0.00020978476470000001,0.00020978476470000001,0.00020978476470000001,0.002797130196,0.002797130196,0.002797130196,0.002793221872212759,4497.0,2.9800000000000004,8.1939,6.931317909999999,0.0001079316587159265,5996.0,0.00014359240287,3,0,0,0,1,0,0,0,0,4497.0,107179.0,0.15
RAD-L6-0579,RAD-L5-0571,6,6,O,0.07613,0.0006668988,1.0,0.0075,1.0,0.000661897059,0.000661897059,0.000661897059,0.000661897059,9.928455885e-05,9.928455885e-05,9.928455885e-05,0.001323794118,0.001323794118,0.001323794118,0.0013229182890815983,5898.0,2.9800000000000004,12.80296875,10.909562640625001,6.70044916891203e-05,7864.0,8.912942589e-05,2,1,1,0,1,0,0,0,0,5898.0,314920.0,0.15
RAD-L6-0584,RAD-L5-0580,6,6,O,0.14726,0.0012899976,1.0,0.029999967123323697,1.0,0.0012512977144108336,0.0012512977144108336,0.0012512977144108336,0.0012512977144108336,0.00018769465716162503,0.00018769465716162503,0.00018769465716162503,0.0025025954288216672,0.0025025954288216672,0.0025025954288216672,0.0024994665475337463,3969.75,2.9800000000000004,4.3572760481906325,3.3534248116240426,8.519287845502712e-05,5293.0,0.00011340956853384489,3,0,0,0,0,0,0,0,0,3969.75,315998.0,0.15
RAD-L6-0585,RAD-L5-0580,6,6,O,0.14616,0.0012803616000000002,1.0,0.014999983561661849,1.0,0.0012611561970470172,0.0012611561970470172,0.0012611561970470172,0.0012611561970470172,0.00018917342955705258,0.00018917342955705258,0.00018917342955705258,0.0025223123940940344,0.0025223123940940344,0.0025223123940940344,0.0025191340370187554,4994.25,2.9800000000000004,11.134988706861693,8.052950405980926,0.0001080897878575048,6659.0,0.0001438020396598645,3,0,0,0,0,0,0,0,0,4994.25,421939.0,0.15
RAD-L6-0587,RAD-L5-0580,6,6,O,0.17382,0.0015226632,1.0,0.0075,1.0,0.001511243226,0.001511243226,0.001511243226,0.001511243226,0.0002266864839,0.0002266864839,0.0002266864839,0.003022486452,0.003022486452,0.003022486452,0.0030179233382978676,4635.0,2.9800000000000004,11.87184375,7.858115221874999,0.00012022245514934358,6180.0,0.00015992265645,3,0,0,0,0,0,0,0,0,4635.0,189677.0,0.15
RAD-L6-0588,RAD-L5-0580,6,6,O,0.09701,0.0008498075999999999,1.0,0.014999983561661849,1.0,0.0008370604999694246,0.0008370604999694246,0.0008370604999694246,0.0008370604999694246,0.00012555907499541368,0.00012555907499541368,0.00012555907499541368,0.0016741209999388492,0.0016741209999388492,0.0016741209999388492,0.0016727204410550423,3390.75,2.9800000000000004,6.876188245273157,5.580104923758988,4.8723085890044494e-05,4521.0,6.480052260893439e-05,3,0,0,0,0,0,0,0,0,3390.75,149432.0,0.15
RAD-L6-0593,RAD-L5-0591,6,6,O,0.02982,0.0002612232,1.0,0.029999967123323697,1.0,0.0002533865125881506,0.0002533865125881506,0.0002533865125881506,0.0002533865125881506,3.800797688822259e-05,3.800797688822259e-05,3.800797688822259e-05,0.0005067730251763012,0.0005067730251763012,0.0005067730251763012,0.0005066446374155653,5706.0,2.9800000000000004,8.274826990600559,7.718882370427265,2.480367111850035e-05,7608.0,3.300966759881249e-05,2,1,0,0,0,0,0,0,0,5706.0,193315.0,0.15
RAD-L6-0594,RAD-L5-0591,6,6,O,0.12895,0.0011296020000000002,1.0,0.029999967123323697,1.0,0.0010957139771375596,0.0010957139771375596,0.0010957139771375596,0.0010957139771375596,0.00016435709657063393,0.00016435709657063393,0.00016435709657063393,0.002191427954275119,0.002191427954275119,0.002191427954275119,0.0021890285290782074,3873.75,2.9800000000000004,4.117425990492065,3.9651428067196637,7.281047789354726e-05,5165.0,9.69068954095119e-05,3,0,0,0,1,0,0,0,0,3873.75,212885.0,0.15
RAD-L6-0595,RAD-L5-0591,6,6,O,0.1942,0.001701192,1.0,0.014999983561661849,1.0,0.0016756741479647694,0.0016756741479647694,0.0016756741479647694,0.0016756741479647694,0.0002513511221947154,0.0002513511221947154,0.0002513511221947154,0.0033513482959295388,0.0033513482959295388,0.0033513482959295388,0.0033457387964410668,2826.0,2.9800000000000004,16.414126779039147,12.69815505824103,8.153641474772801e-05,3768.0,0.00010811541420430225,3,0,0,0,1,0,0,0,0,2826.0,274828.0,0.15
RAD-L6-0602,RAD-L5-0600,6,6,O,0.07344,0.0006433344000000001,1.0,0.014999983561661849,1.0,0.0006336843945753484,0.0006336843945753484,0.0006336843945753484,0.0006336843945753484,9.505265918630226e-05,9.505265918630226e-05,9.505265918630226e-05,0.0012673687891506969,0.0012673687891506969,0.0012673687891506969,0.0012665660164989934,5400.75,2.9800000000000004,10.380826125122056,8.329692883291086,5.872496181319169e-05,7201.0,7.813632406399116e-05,3,0,0,0,0,0,0,0,0,5400.75,225793.0,0.15
RAD-L6-0605,RAD-L5-0600,6,6,O,0.12887,0.0011289012,1.0,0.0075,1.0,0.001120434441,0.001120434441,0.001120434441,0.001120434441,0.00016806516615,0.00016806516615,0.00016806516615,0.002240868882,0.002240868882,0.002240868882,0.0022383600096946843,3119.25,2.9800000000000004,9.869924999999999,7.209111144999999,6.00399205674535e-05,4159.0,7.979258287875e-05,3,0,0,0,0,0,0,0,0,3119.25,299935.0,0.15
RAD-L6-0607,RAD-L5-0600,6,6,O,0.14362,0.0012581112,1.0,0.0075,1.0,0.0012486753660000001,0.0012486753660000001,0.0012486753660000001,0.0012486753660000001,0.0001873013049,0.0001873013049,0.0001873013049,0.0024973507320000003,0.0024973507320000003,0.0024973507320000003,0.002494234945937257,3663.75,2.9800000000000004,12.011512499999998,8.052661492499999,7.857209905495893e-05,4885.0,0.0001044482733375,3,0,0,0,0,0,0,0,0,3663.75,187038.0,0.15
RAD-L6-0610,RAD-L5-0609,6,6,O,0.1228,0.001075728,1.0,0.0075,1.0,0.00106766004,0.00106766004,0.00106766004,0.00106766004,0.000160149006,0.000160149006,0.000160149006,0.00213532008,0.00213532008,0.00213532008,0.002133041905910127,3516.0,2.9800000000000004,6.238537500000001,5.3090699500000005,6.443052413346541e-05,4688.0,8.57053128e-05,3,0,0,0,1,0,0,0,0,3516.0,265533.0,0.15
RAD-L6-0611,RAD-L5-0609,6,6,O,0.11727,0.0010272852,1.0,0.014999983561661849,1.0,0.0010118759388868615,0.0010118759388868615,0.0010118759388868615,0.0010118759388868615,0.00015178139083302922,0.00015178139083302922,0.00015178139083302922,0.002023751877773723,0.002023751877773723,0.002023751877773723,0.0020217054726471284,4350.75,2.9800000000000004,3.637725394273541,3.262353484184675,7.549205014391585e-05,5801.0,0.00010051185481990895,3,0,0,0,1,0,0,0,0,4350.75,172453.0,0.15
RAD-L6-0617,RAD-L5-0609,6,6,O,0.06897,0.0006041772000000001,1.0,0.0075,1.0,0.0005996458710000001,0.0005996458710000001,0.0005996458710000001,0.0005996458710000001,8.994688065000001e-05,8.994688065000001e-05,8.994688065000001e-05,0.0011992917420000002,0.0011992917420000002,0.0011992917420000002,0.001198572879062998,4467.75,2.9800000000000004,18.5293875,12.411205134999998,4.6032484807691214e-05,5957.0,6.116593242375e-05,3,0,0,0,1,0,0,0,0,4467.75,257737.0,0.15
RAD-L6-0621,RAD-L5-0618,6,6,O,0.12973,0.0011364348,1.0,0.0075,1.0,0.0011279115390000001,0.0011279115390000001,0.0011279115390000001,0.0011279115390000001,0.00016918673085,0.00016918673085,0.00016918673085,0.0022558230780000002,0.0022558230780000002,0.0022558230780000002,0.002253280621257292,5091.75,2.9800000000000004,2.1415875,1.75634149625,9.843126289262867e-05,6789.0,0.00013111971640875,3,0,0,0,0,0,0,0,0,5091.75,180569.0,0.15
RAD-L6-0628,RAD-L5-0627,6,6,O,0.09653,0.0008456028,1.0,0.0075,1.0,0.0008392607790000001,0.0008392607790000001,0.0008392607790000001,0.0008392607790000001,0.00012588911685,0.00012588911685,0.00012588911685,0.0016785215580000002,0.0016785215580000002,0.0016785215580000002,0.0016771136285465005,4523.25,2.9800000000000004,9.730256249999998,8.324350478124998,6.51656441198649e-05,6031.0,8.667092051625001e-05,3,0,0,0,0,0,0,0,0,4523.25,1111153.0,0.15
RAD-L6-0631,RAD-L5-0627,6,6,O,0.18418,0.0016134168000000002,1.0,0.0075,1.0,0.0016013161740000002,0.0016013161740000002,0.0016013161740000002,0.0016013161740000002,0.0002401974261,0.0002401974261,0.0002401974261,0.0032026323480000003,0.0032026323480000003,0.0032026323480000003,0.003197509391463127,6352.5,2.9800000000000004,11.220056249999999,8.704653695000001,0.00017450465445692452,8470.0,0.00023224568482499997,2,1,1,1,0,0,0,0,0,6352.5,253682.0,0.15
RAD-L6-0632,RAD-L5-0627,6,6,O,0.07373,0.0006458748,1.0,0.0075,1.0,0.0006410307390000001,0.0006410307390000001,0.0006410307390000001,0.0006410307390000001,9.615461085e-05,9.615461085e-05,9.615461085e-05,0.0012820614780000002,0.0012820614780000002,0.0012820614780000002,0.0012812399882875525,5964.75,2.9800000000000004,16.527468749999997,11.276889396875,6.56288904930851e-05,7953.0,8.729653197375e-05,2,1,1,0,1,0,0,0,0,5964.75,265147.0,0.15
RAD-L6-0634,RAD-L5-0627,6,6,O,0.19707,0.0017263332,1.0,0.0075,1.0,0.0017133857010000002,0.0017133857010000002,0.0017133857010000002,0.0017133857010000002,0.00025700785515000003,0.00025700785515000003,0.00025700785515000003,0.0034267714020000005,0.0034267714020000005,0.0034267714020000005,0.0034209067217646494,1435.5,2.9800000000000004,7.3558875,5.81197460125,4.237378796833626e-05,1914.0,5.6154456022500006e-05,3,0,0,0,1,0,0,0,0,1435.5,153292.0,0.15
RAD-L6-0639,RAD-L5-0636,6,6,O,0.08723,0.0007641348,1.0,0.0075,1.0,0.000758403789,0.000758403789,0.000758403789,0.000758403789,0.00011376056835000002,0.00011376056835000002,0.00011376056835000002,0.001516807578,0.001516807578,0.001516807578,0.001515657806786308,6459.0,2.9800000000000004,12.151181249999999,9.848677584375,8.404553751436386e-05,8612.0,0.00011183858614500002,2,1,1,0,0,0,0,0,0,6459.0,268293.0,0.15
RAD-L6-0640,RAD-L5-0636,6,6,O,0.19396,0.0016990896,1.0,0.029999967123323697,1.0,0.0016481169678604188,0.0016481169678604188,0.0016481169678604188,0.0016481169678604188,0.0002472175451790628,0.0002472175451790628,0.0002472175451790628,0.0032962339357208376,0.0032962339357208376,0.0032962339357208376,0.003290807320742939,5965.5,2.9800000000000004,9.074327182929114,8.235087628972323,0.00016866995801350474,7954.0,0.00022447127332811252,2,1,1,1,0,0,0,0,0,5965.5,167349.0,0.15
RAD-L6-0642,RAD-L5-0636,6,6,O,0.18161,0.0015909035999999998,1.0,0.0075,1.0,0.001578971823,0.001578971823,0.001578971823,0.001578971823,0.00023684577345000002,0.00023684577345000002,0.00023684577345000002,0.003157943646,0.003157943646,0.003157943646,0.003152962586645436,5774.25,2.9800000000000004,7.542112499999999,5.376862113749999,0.00015634543319801466,7699.0,0.00020815931618625,2,1,1,1,0,0,0,0,0,5774.25,333830.0,0.15
RAD-L6-0647,RAD-L5-0645,6,6,O,0.12278,0.0010755527999999999,1.0,0.029999967123323697,1.0,0.0010432862513606012,0.0010432862513606012,0.0010432862513606012,0.0010432862513606012,0.00015649293770409018,0.00015649293770409018,0.00015649293770409018,0.0020865725027212024,0.0020865725027212024,0.0020865725027212024,0.002084397123608417,6442.5,2.9800000000000004,9.274202231011254,8.253251265058339,0.00011529265703756144,8590.0,0.0001534559743011569,2,1,1,0,0,0,0,0,0,6442.5,244145.0,0.15
RAD-L6-0648,RAD-L5-0645,6,6,O,0.18787,0.0016457412000000001,1.0,0.0075,1.0,0.0016333981410000002,0.0016333981410000002,0.0016333981410000002,0.0016333981410000002,0.00024500972115000004,0.00024500972115000004,0.00024500972115000004,0.0032667962820000004,0.0032667962820000004,0.0032667962820000004,0.003261466108802402,3423.0,2.9800000000000004,14.851443749999998,11.2070768975,9.613518804235618e-05,4564.0,0.000127651183485,3,0,0,0,1,0,0,0,0,3423.0,293062.0,0.15
RAD-L6-0656,RAD-L5-0654,6,6,O,0.1999,0.001751124,1.0,0.0075,1.0,0.0017379905700000001,0.0017379905700000001,0.0017379905700000001,0.0017379905700000001,0.0002606985855,0.0002606985855,0.0002606985855,0.0034759811400000003,0.0034759811400000003,0.0034759811400000003,0.003469946911203725,3919.5,2.9800000000000004,16.015349999999998,13.813430724999996,0.00011714453533138696,5226.0,0.000155526347925,3,0,0,0,0,0,0,0,0,3919.5,299799.0,0.15
RAD-L6-0657,RAD-L5-0654,6,6,O,0.11254,0.0009858504,1.0,0.029999967123323697,1.0,0.0009562749204114846,0.0009562749204114846,0.0009562749204114846,0.0009562749204114846,0.0001434412380617227,0.0001434412380617227,0.0001434412380617227,0.0019125498408229691,0.0019125498408229691,0.0019125498408229691,0.0019107220827879745,5276.25,2.9800000000000004,3.3179257981635093,2.7648771886163686,8.649039778762694e-05,7035.0,0.0001151951038543629,3,0,0,0,0,0,0,0,0,5276.25,142694.0,0.15
RAD-L6-0660,RAD-L5-0654,6,6,O,0.10376,0.0009089376000000001,1.0,0.0075,1.0,0.0009021205680000001,0.0009021205680000001,0.0009021205680000001,0.0009021205680000001,0.00013531808520000002,0.00013531808520000002,0.00013531808520000002,0.0018042411360000002,0.0018042411360000002,0.0018042411360000002,0.0018026144714070602,4584.75,2.9800000000000004,9.45091875,7.848155848749999,7.098913657949773e-05,6113.0,9.442916151000002e-05,3,0,0,0,1,0,0,0,0,4584.75,240429.0,0.15
RAD-L6-0661,RAD-L5-0654,6,6,O,0.13341,0.0011686715999999998,1.0,0.014999983561661849,1.0,0.0011511415452110187,0.0011511415452110187,0.0011511415452110187,0.0011511415452110187,0.00017267123178165282,0.00017267123178165282,0.00017267123178165282,0.0023022830904220375,0.0023022830904220375,0.0023022830904220375,0.0022996348694158675,5646.0,2.9800000000000004,10.824451173204194,7.882488387576562,0.0001115042709919302,7528.0,0.00014838687589637927,2,1,1,0,0,0,0,0,0,5646.0,210507.0,0.15
RAD-L6-0668,RAD-L5-0664,6,6,O,0.08292,0.0007263791999999999,1.0,0.0075,1.0,0.000720931356,0.000720931356,0.000720931356,0.000720931356,0.00010813970339999999,0.00010813970339999999,0.00010813970339999999,0.001441862712,0.001441862712,0.001441862712,0.001440823727377638,3609.0,2.9800000000000004,7.7748937499999995,5.36165962375,4.46550518456822e-05,4812.0,5.940276858e-05,3,0,0,0,0,0,0,0,0,3609.0,128825.0,0.15
RAD-L6-0670,RAD-L5-0664,6,6,O,0.07412,0.0006492912,1.0,0.029999967123323697,1.0,0.0006298124853465367,0.0006298124853465367,0.0006298124853465367,0.0006298124853465367,9.447187280198051e-05,9.447187280198051e-05,9.447187280198051e-05,0.0012596249706930734,0.0012596249706930734,0.0012596249706930734,0.001258831976153174,3825.0,2.9800000000000004,14.191128413831875,11.912245424996794,4.141116572866457e-05,5100.0,5.5000747864166735e-05,3,0,0,0,0,0,0,0,0,3825.0,208350.0,0.15
RAD-L6-0672,RAD-L5-0664,6,6,O,0.13624,0.0011934623999999999,1.0,0.014999983561661849,1.0,0.0011755604836185384,0.0011755604836185384,0.0011755604836185384,0.0011755604836185384,0.00017633407254278075,0.00017633407254278075,0.00017633407254278075,0.002351120967237077,0.002351120967237077,0.002351120967237077,0.0023483592471391646,3700.5,2.9800000000000004,12.15532631745061,10.475598391896556,7.475992190724925e-05,4934.0,9.931875729749774e-05,3,0,0,0,0,0,0,0,0,3700.5,299928.0,0.15
RAD-L6-0676,RAD-L5-0673,6,6,O,0.10993,0.0009629868,1.0,0.0075,1.0,0.000955764399,0.000955764399,0.000955764399,0.000955764399,0.00014336465985000002,0.00014336465985000002,0.00014336465985000002,0.001911528798,0.001911528798,0.001911528798,0.0019097029903737406,6337.5,2.9800000000000004,14.758331250000001,10.648312328124998,0.00010394147832883861,8450.0,0.00013829125293750001,2,1,1,0,0,0,0,0,0,6337.5,303009.0,0.15
RAD-L6-0681,RAD-L5-0673,6,6,O,0.09503,0.0008324628,1.0,0.0075,1.0,0.0008262193290000001,0.0008262193290000001,0.0008262193290000001,0.0008262193290000001,0.00012393289935,0.00012393289935,0.00012393289935,0.0016524386580000002,0.0016524386580000002,0.0016524386580000002,0.0016510741329421874,5535.75,2.9800000000000004,14.38588125,12.574870681875002,7.853759221454128e-05,7381.0,0.00010442337101625,2,1,1,0,0,0,0,0,0,5535.75,269346.0,0.15
RAD-L6-0684,RAD-L5-0682,6,6,O,0.13266,0.0011621016,1.0,0.0075,1.0,0.0011533858380000002,0.0011533858380000002,0.0011533858380000002,0.0011533858380000002,0.00017300787570000001,0.00017300787570000001,0.00017300787570000001,0.0023067716760000003,0.0023067716760000003,0.0023067716760000003,0.002304113122835294,4576.5,2.9800000000000004,11.359725,9.403716079999999,9.062934058827886e-05,6102.0,0.000120513020265,3,0,0,0,0,0,0,0,0,4576.5,128558.0,0.15
RAD-L6-0692,RAD-L5-0691,6,6,O,0.14344,0.0012565344,1.0,0.0075,1.0,0.001247110392,0.001247110392,0.001247110392,0.001247110392,0.0001870665588,0.0001870665588,0.0001870665588,0.002494220784,0.002494220784,0.002494220784,0.0024911127998769045,5689.5,2.9800000000000004,11.9184,8.49438608,0.00012174219865421556,7586.0,0.00016199622318,2,1,1,1,0,0,0,0,0,5689.5,267571.0,0.15
RAD-L6-0693,RAD-L5-0691,6,6,O,0.11394,0.0009981144,1.0,0.0075,1.0,0.000990628542,0.000990628542,0.000990628542,0.000990628542,0.00014859428129999997,0.00014859428129999997,0.00014859428129999997,0.001981257084,0.001981257084,0.001981257084,0.0019792956897394243,5425.5,2.9800000000000004,9.963037499999999,7.646750318749999,9.2212025972525e-05,7234.0,0.00012270902179499998,2,1,1,0,1,0,0,0,0,5425.5,199632.0,0.15
RAD-L6-0696,RAD-L5-0691,6,6,O,0.19684,0.0017243183999999998,1.0,0.0075,1.0,0.0017113860119999998,0.0017113860119999998,0.0017113860119999998,0.0017113860119999998,0.00025670790179999997,0.00025670790179999997,0.00025670790179999997,0.0034227720239999996,0.0034227720239999996,0.0034227720239999996,0.003416921017293517,5382.75,2.9800000000000004,8.380125,5.963397075,0.00015800117569772114,7177.0,0.00021031879123499997,3,0,0,0,0,0,0,0,0,5382.75,256847.0,0.15
RAD-L6-0699,RAD-L5-0691,6,6,O,0.11538,0.0010107288,1.0,0.0075,1.0,0.0010031483340000001,0.0010031483340000001,0.0010031483340000001,0.0010031483340000001,0.0001504722501,0.0001504722501,0.0001504722501,0.0020062966680000002,0.0020062966680000002,0.0020062966680000002,0.0020042854001315336,2716.5,2.9800000000000004,4.5159562499999995,3.0537435724999993,4.676549981375919e-05,3622.0,6.221580934500001e-05,3,0,0,0,1,0,0,0,0,2716.5,136970.0,0.15
RAD-L6-0706,RAD-L5-0700,6,6,O,0.18272,0.0016006272,1.0,0.029999967123323697,1.0,0.0015526084366233024,0.0015526084366233024,0.0015526084366233024,0.0015526084366233024,0.00023289126549349534,0.00023289126549349534,0.00023289126549349534,0.003105216873246605,0.003105216873246605,0.003105216873246605,0.00310040067373607,2712.75,2.9800000000000004,10.513427529120518,9.162609324457042,7.244334339263076e-05,3617.0,9.616069717922062e-05,3,0,0,0,0,0,0,0,0,2712.75,183945.0,0.15
RAD-L6-0711,RAD-L5-0709,6,6,O,0.16089,0.0014093964000000002,1.0,0.014999983561661849,1.0,0.0013882554771681348,0.0013882554771681348,0.0013882554771681348,0.0013882554771681348,0.00020823832157522022,0.00020823832157522022,0.00020823832157522022,0.0027765109543362696,0.0027765109543362696,0.0027765109543362696,0.002772660012681505,3660.0,2.9800000000000004,9.848476067423487,8.470786214776751,8.727588464239587e-05,4880.0,0.00011600490973596742,3,0,0,0,0,0,0,0,0,3660.0,224385.0,0.15
RAD-L6-0723,RAD-L5-0718,6,6,O,0.116,0.0010161600000000001,1.0,0.014999983561661849,1.0,0.0010009176167039818,0.0010009176167039818,0.0010009176167039818,0.0010009176167039818,0.00015013764250559726,0.00015013764250559726,0.00015013764250559726,0.0020018352334079635,0.0020018352334079635,0.0020018352334079635,0.0019998328975954216,6091.5,2.9800000000000004,5.32350057698567,4.683676320705402,0.00010453356799298657,8122.0,0.000139202960323112,2,1,1,0,0,0,0,0,0,6091.5,376812.0,0.15
RAD-L6-0726,RAD-L5-0718,6,6,O,0.09096,0.0007968096000000001,1.0,0.0075,1.0,0.0007908335280000002,0.0007908335280000002,0.0007908335280000002,0.0007908335280000002,0.00011862502920000003,0.00011862502920000003,0.00011862502920000003,0.0015816670560000004,0.0015816670560000004,0.0015816670560000004,0.0015804168798696505,4586.25,2.9800000000000004,12.7564125,8.774012929999998,6.22646530017738e-05,6115.0,8.280731205000002e-05,3,0,0,0,1,0,0,0,0,4586.25,205460.0,0.15
RAD-L6-0728,RAD-L5-0727,6,6,O,0.031,0.00027156,1.0,0.014999983561661849,1.0,0.0002674866044639951,0.0002674866044639951,0.0002674866044639951,0.0002674866044639951,4.0122990669599265e-05,4.0122990669599265e-05,4.0122990669599265e-05,0.0005349732089279903,0.0005349732089279903,0.0005349732089279903,0.0005348301362753105,6409.5,2.9800000000000004,14.240364043436667,10.687555087070589,2.941971368516338e-05,8546.0,3.9142817153241474e-05,2,1,0,0,0,0,0,0,0,6409.5,288265.0,0.15
RAD-L6-0730,RAD-L5-0727,6,6,O,0.16379,0.0014348003999999999,1.0,0.0075,1.0,0.001424039397,0.001424039397,0.001424039397,0.001424039397,0.00021360590954999997,0.00021360590954999997,0.00021360590954999997,0.002848078794,0.002848078794,0.002848078794,0.0028440268652418776,5183.25,2.9800000000000004,17.691375,14.852120687499998,0.00012682441518649498,6911.0,0.00016851945672374997,3,0,0,0,0,0,0,0,0,5183.25,215685.0,0.15
RAD-L6-0733,RAD-L5-0727,6,6,O,0.12381,0.0010845756000000002,1.0,0.029999967123323697,1.0,0.0010520383676572412,0.0010520383676572412,0.0010520383676572412,0.0010520383676572412,0.00015780575514858617,0.00015780575514858617,0.00015780575514858617,0.0021040767353144823,0.0021040767353144823,0.0021040767353144823,0.0021018647175508054,5681.25,2.9800000000000004,14.311053442681157,11.957099179316787,0.0001026131400289528,7575.0,0.00013645874375006167,2,1,1,0,0,0,0,0,0,5681.25,301892.0,0.15
RAD-L6-0734,RAD-L5-0727,6,6,O,0.06229,0.0005456604,1.0,0.0075,1.0,0.0005415679470000001,0.0005415679470000001,0.0005415679470000001,0.0005415679470000001,8.123519205000001e-05,8.123519205000001e-05,8.123519205000001e-05,0.0010831358940000002,0.0010831358940000002,0.0010831358940000002,0.0010825495140464048,4568.25,2.9800000000000004,12.33740625,8.490750387499999,4.2469691175011264e-05,6091.0,5.6484424061250006e-05,3,0,0,0,0,0,0,0,0,4568.25,132401.0,0.15
RAD-L6-0738,RAD-L5-0737,6,6,O,0.15362,0.0013457112,1.0,0.014999983561661849,1.0,0.0013255255541212557,0.0013255255541212557,0.0013255255541212557,0.0013255255541212557,0.00019882883311818836,0.00019882883311818836,0.00019882883311818836,0.0026510511082425115,0.0026510511082425115,0.0026510511082425115,0.002647540175492624,3565.5,2.9800000000000004,9.98156358184813,8.220929228022763,8.118165207433193e-05,4754.0,0.00010790322747076113,3,0,0,0,0,0,0,0,0,3565.5,273321.0,0.15
RAD-L6-0739,RAD-L5-0737,6,6,O,0.15494,0.0013572744,1.0,0.0075,1.0,0.0013470948420000002,0.0013470948420000002,0.0013470948420000002,0.0013470948420000002,0.00020206422630000002,0.00020206422630000002,0.00020206422630000002,0.0026941896840000003,0.0026941896840000003,0.0026941896840000003,0.0026905636121461463,4230.0,2.9800000000000004,10.56826875,7.32605016625,9.780983576507445e-05,5640.0,0.0001300961457,3,0,0,0,0,0,0,0,0,4230.0,175236.0,0.15
RAD-L6-0743,RAD-L5-0737,6,6,O,0.16427,0.0014390052,1.0,0.0075,1.0,0.001428212661,0.001428212661,0.001428212661,0.001428212661,0.00021423189915,0.00021423189915,0.00021423189915,0.002856425322,0.002856425322,0.002856425322,0.002852349620758865,3147.75,2.9800000000000004,2.0019187499999997,1.4281927549999998,7.708822329396523e-05,4197.0,0.00010264055716125,3,0,0,0,0,0,0,0,0,3147.75,257194.0,0.15
RAD-L6-0744,RAD-L5-0737,6,6,O,0.16021,0.0014034396,1.0,0.014999983561661849,1.0,0.0013823880290702148,0.0013823880290702148,0.0013823880290702148,0.0013823880290702148,0.0002073582043605322,0.0002073582043605322,0.0002073582043605322,0.0027647760581404296,0.0027647760581404296,0.0027647760581404296,0.0027609575846998524,5873.25,2.9800000000000004,7.497263312588151,5.3718743860477955,0.00013922356203609947,7831.0,0.00018536781944604198,2,1,1,1,0,0,0,0,0,5873.25,134558.0,0.15
RAD-L6-0747,RAD-L5-0746,6,6,O,0.16731,0.0014656355999999998,1.0,0.0075,1.0,0.001454643333,0.001454643333,0.001454643333,0.001454643333,0.00021819649995,0.00021819649995,0.00021819649995,0.002909286666,0.002909286666,0.002909286666,0.0029050587925733007,5968.5,2.9800000000000004,12.05806875,8.719333581874999,0.00014895645703092323,7958.0,0.0001982200623975,2,1,1,1,0,0,0,0,0,5968.5,398886.0,0.15
RAD-L6-0750,RAD-L5-0746,6,6,O,0.07662,0.0006711912,1.0,0.014999983561661849,1.0,0.0006611233430332679,0.0006611233430332679,0.0006611233430332679,0.0006611233430332679,9.916850145499019e-05,9.916850145499019e-05,9.916850145499019e-05,0.0013222466860665358,0.0013222466860665358,0.0013222466860665358,0.0013213729030784327,6050.25,2.9800000000000004,6.654375721232086,5.091338505656432,6.858386398086716e-05,8067.0,9.132332205906459e-05,2,1,1,0,0,0,0,0,0,6050.25,150909.0,0.15
RAD-L6-0751,RAD-L5-0746,6,6,O,0.04639,0.0004063764,1.0,0.0075,1.0,0.000403328577,0.000403328577,0.000403328577,0.000403328577,6.049928655e-05,6.049928655e-05,6.049928655e-05,0.000806657154,0.000806657154,0.000806657154,0.0008063318935817021,6453.75,2.9800000000000004,12.011512499999998,8.20761000375,4.464887134651701e-05,8605.0,5.942880830625e-05,2,1,1,0,0,0,0,0,0,6453.75,279090.0,0.15
RAD-L6-0760,RAD-L5-0755,6,6,O,0.1343,0.0011764680000000002,1.0,0.014999983561661849,1.0,0.001158820999339179,0.001158820999339179,0.001158820999339179,0.001158820999339179,0.00017382314990087685,0.00017382314990087685,0.00017382314990087685,0.002317641998678358,0.002317641998678358,0.002317641998678358,0.00231495834011497,3448.5,2.9800000000000004,10.558276144354911,7.390913318644034,6.863377137597825e-05,4598.0,9.12373108726292e-05,3,0,0,0,0,0,0,0,0,3448.5,411065.0,0.15
RAD-L6-0761,RAD-L5-0755,6,6,O,0.13618,0.0011929368,1.0,0.0075,1.0,0.001183989774,0.001183989774,0.001183989774,0.001183989774,0.0001775984661,0.0001775984661,0.0001775984661,0.002367979548,0.002367979548,0.002367979548,0.0023651780961266855,6614.25,2.9800000000000004,9.357806250000001,6.3428328825,0.00013428497434036114,8819.0,0.0001787946201525,2,1,1,1,0,0,0,0,0,6614.25,306479.0,0.15
RAD-L6-0763,RAD-L5-0755,6,6,O,0.02566,0.0002247816,1.0,0.0075,1.0,0.000223095738,0.000223095738,0.000223095738,0.000223095738,3.34643607e-05,3.34643607e-05,3.34643607e-05,0.000446191476,0.000446191476,0.000446191476,0.00044609194738687297,5715.0,2.9800000000000004,13.45475625,9.03637505375,2.187796138237502e-05,7620.0,2.910940965e-05,2,1,0,0,1,0,0,0,0,5715.0,182508.0,0.15
RAD-L6-0772,RAD-L5-0764,6,6,O,0.16099,0.0014102724,1.0,0.014999983561661849,1.0,0.0013891183371825347,0.0013891183371825347,0.0013891183371825347,0.0013891183371825347,0.0002083677505773802,0.0002083677505773802,0.0002083677505773802,0.0027782366743650693,0.0027782366743650693,0.0027782366743650693,0.0027743809463904867,4479.0,2.9800000000000004,8.340150903944217,6.039198073361016,0.00010675324941217396,5972.0,0.00014205162174065234,3,0,0,0,0,0,0,0,0,4479.0,232525.0,0.15
RAD-L6-0776,RAD-L5-0773,6,6,O,0.13702,0.0012002952,1.0,0.0075,1.0,0.001191292986,0.001191292986,0.001191292986,0.001191292986,0.0001786939479,0.0001786939479,0.0001786939479,0.002382585972,0.002382585972,0.002382585972,0.0023797498669115846,5014.5,2.9800000000000004,8.1939,5.71452376,0.00010246740416898797,6686.0,0.000136386727815,3,0,0,0,0,0,0,0,0,5014.5,274510.0,0.15
RAD-L6-0783,RAD-L5-0782,6,6,O,0.1937,0.0016968120000000002,1.0,0.0075,1.0,0.0016840859100000004,0.0016840859100000004,0.0016840859100000004,0.0016840859100000004,0.0002526128865,0.0002526128865,0.0002526128865,0.0033681718200000007,0.0033681718200000007,0.0033681718200000007,0.003362505892353207,1386.0,2.9800000000000004,7.7283375,5.681966067500001,4.021798914841054e-05,1848.0,5.3290937700000004e-05,3,0,0,0,0,0,0,0,0,1386.0,225552.0,0.15
RAD-L6-0785,RAD-L5-0782,6,6,O,0.02859,0.00025044840000000004,1.0,0.0075,1.0,0.00024857003700000006,0.00024857003700000006,0.00024857003700000006,0.00024857003700000006,3.728550555000001e-05,3.728550555000001e-05,3.728550555000001e-05,0.0004971400740000001,0.0004971400740000001,0.0004971400740000001,0.0004970165203487253,6289.5,2.9800000000000004,4.09695,3.1534713649999997,2.679633296088419e-05,8386.0,3.5693635792500006e-05,2,1,0,0,0,0,0,0,0,6289.5,482305.0,0.15
RAD-L6-0794,RAD-L5-0791,6,6,O,0.1022,0.000895272,1.0,0.0075,1.0,0.0008885574600000001,0.0008885574600000001,0.0008885574600000001,0.0008885574600000001,0.000133283619,0.000133283619,0.000133283619,0.0017771149200000002,0.0017771149200000002,0.0017771149200000002,0.0017755367862606342,3510.75,2.9800000000000004,8.752575,7.547449997499999,5.357632443364822e-05,4681.0,7.122153202500001e-05,3,0,0,0,1,0,0,0,0,3510.75,284295.0,0.15
RAD-L6-0795,RAD-L5-0791,6,6,O,0.089,0.00077964,1.0,0.014999983561661849,1.0,0.0007679454128159858,0.0007679454128159858,0.0007679454128159858,0.0007679454128159858,0.00011519181192239787,0.00011519181192239787,0.00011519181192239787,0.0015358908256319717,0.0015358908256319717,0.0015358908256319717,0.001534711948937062,4066.5,2.9800000000000004,3.1941003461914024,2.8999600121512197,5.355077927286094e-05,5422.0,7.129794568986773e-05,3,0,0,0,0,0,0,0,0,4066.5,184699.0,0.15
RAD-L6-0797,RAD-L5-0791,6,6,O,0.09563,0.0008377188,1.0,0.0075,1.0,0.0008314359090000001,0.0008314359090000001,0.0008314359090000001,0.0008314359090000001,0.00012471538635000002,0.00012471538635000002,0.00012471538635000002,0.0016628718180000002,0.0016628718180000002,0.0016628718180000002,0.0016614900126862286,6401.25,2.9800000000000004,18.1569375,13.8140149875,9.137315513019079e-05,8535.0,0.00012151208019375002,2,1,1,0,0,0,0,0,0,6401.25,155057.0,0.15
RAD-L6-0803,RAD-L5-0800,6,6,O,0.10569,0.0009258444,1.0,0.0075,1.0,0.0009189005670000001,0.0009189005670000001,0.0009189005670000001,0.0009189005670000001,0.00013783508505,0.00013783508505,0.00013783508505,0.0018378011340000001,0.0018378011340000001,0.0018378011340000001,0.0018361134115536526,3191.25,2.9800000000000004,6.33165,4.4157683599999995,5.032940770853005e-05,4255.0,6.695071768125e-05,3,0,0,0,0,0,0,0,0,3191.25,186863.0,0.15
RAD-L6-0808,RAD-L5-0800,6,6,O,0.19795,0.0017340419999999999,1.0,0.029999967123323697,1.0,0.0016820207970095376,0.0016820207970095376,0.0016820207970095376,0.0016820207970095376,0.0002523031195514306,0.0002523031195514306,0.0002523031195514306,0.003364041594019075,0.003364041594019075,0.003364041594019075,0.0033583895457807156,1518.0,2.9800000000000004,8.874452134846974,6.900906701303889,4.400560719906476e-05,2024.0,5.8294693375809996e-05,3,0,0,0,0,0,0,0,0,1518.0,242384.0,0.15
RAD-L6-0811,RAD-L5-0810,6,6,O,0.19077,0.0016711452,1.0,0.0075,1.0,0.001658611611,0.001658611611,0.001658611611,0.001658611611,0.00024879174165,0.00024879174165,0.00024879174165,0.003317223222,0.003317223222,0.003317223222,0.003311727315776447,6186.75,2.9800000000000004,5.400525,4.07962111,0.0001759096670187766,8249.0,0.00023427889005374998,2,1,1,1,0,0,0,0,0,6186.75,285020.0,0.15
RAD-L6-0813,RAD-L5-0810,6,6,O,0.09443,0.0008272068000000001,1.0,0.0075,1.0,0.0008210027490000001,0.0008210027490000001,0.0008210027490000001,0.0008210027490000001,0.00012315041235,0.00012315041235,0.00012315041235,0.0016420054980000002,0.0016420054980000002,0.0016420054980000002,0.001640658144527074,3509.25,2.9800000000000004,16.015349999999998,13.805423049999998,4.956994478416829e-05,4679.0,6.577862778375e-05,3,0,0,0,0,0,0,0,0,3509.25,299843.0,0.15
RAD-L6-0817,RAD-L5-0810,6,6,O,0.09368,0.0008206368,1.0,0.0075,1.0,0.000814482024,0.000814482024,0.000814482024,0.000814482024,0.0001221723036,0.0001221723036,0.0001221723036,0.001628964048,0.001628964048,0.001628964048,0.0016276380061877038,5649.0,2.9800000000000004,13.08230625,10.043442814374998,7.896603276778938e-05,7532.0,0.00010504586652,2,1,1,0,1,0,0,0,0,5649.0,329711.0,0.15
RAD-L6-0820,RAD-L5-0819,6,6,O,0.04607,0.00040357319999999997,1.0,0.029999967123323697,1.0,0.00039146601726814545,0.00039146601726814545,0.00039146601726814545,0.00039146601726814545,5.871990259022181e-05,5.871990259022181e-05,5.871990259022181e-05,0.0007829320345362909,0.0007829320345362909,0.0007829320345362909,0.0007826256232226214,6603.0,2.9800000000000004,5.3166762789849,4.398034131155747,4.431058838455746e-05,8804.0,5.901484274021836e-05,2,1,1,0,0,0,0,0,0,6603.0,215932.0,0.15
RAD-L6-0825,RAD-L5-0819,6,6,O,0.15265,0.0013372140000000002,1.0,0.0075,1.0,0.0013271848950000002,0.0013271848950000002,0.0013271848950000002,0.0013271848950000002,0.00019907773425000003,0.00019907773425000003,0.00019907773425000003,0.0026543697900000005,0.0026543697900000005,0.0026543697900000005,0.002650850065414545,5076.0,2.9800000000000004,11.220056249999999,9.097355663750001,0.00011563046936692589,6768.0,0.00015380800290000003,3,0,0,0,1,0,0,0,0,5076.0,216077.0,0.15
RAD-L6-0826,RAD-L5-0819,6,6,O,0.01635,0.000143226,1.0,0.014999983561661849,1.0,0.0001410776123543974,0.0001410776123543974,0.0001410776123543974,0.0001410776123543974,2.1161641853159607e-05,2.1161641853159607e-05,2.1161641853159607e-05,0.0002821552247087948,0.0002821552247087948,0.0002821552247087948,0.00028211542266687317,6130.5,2.9800000000000004,11.711701269368472,10.633186711221137,1.4842411274253197e-05,8174.0,1.9746034304535002e-05,2,1,0,0,0,0,0,0,0,6130.5,127471.0,0.15
RAD-L6-0836,RAD-L5-0828,6,6,O,0.19741,0.0017293116,1.0,0.014999983561661849,1.0,0.001703371954427009,0.001703371954427009,0.001703371954427009,0.001703371954427009,0.00025550579316405137,0.00025550579316405137,0.00025550579316405137,0.003406743908854018,0.003406743908854018,0.003406743908854018,0.0034009475409390033,2881.5,2.9800000000000004,10.292101115505627,8.866762102950023,8.439119398969795e-05,3842.0,0.00011206087412514673,3,0,0,0,0,0,0,0,0,2881.5,240674.0,0.15
RAD-L6-0841,RAD-L5-0837,6,6,O,0.14262,0.0012493512,1.0,0.0075,1.0,0.001239981066,0.001239981066,0.001239981066,0.001239981066,0.00018599715989999998,0.00018599715989999998,0.00018599715989999998,0.002479962132,0.002479962132,0.002479962132,0.002476889566385587,3129.0,2.9800000000000004,7.169662499999999,5.43253893875,6.661527644717529e-05,4172.0,8.858220902999999e-05,3,0,0,0,0,0,0,0,0,3129.0,415989.0,0.15
RAD-L6-0844,RAD-L5-0837,6,6,O,0.11443,0.0010024068,1.0,0.0075,1.0,0.000994888749,0.000994888749,0.000994888749,0.000994888749,0.00014923331235,0.00014923331235,0.00014923331235,0.001989777498,0.001989777498,0.001989777498,0.0019877992030939984,5544.0,2.9800000000000004,15.363562499999999,12.30178805625,9.470662505920832e-05,7392.0,0.00012592838412,2,1,1,0,0,0,0,0,0,5544.0,229261.0,0.15
RAD-L6-0847,RAD-L5-0846,6,6,O,0.14916,0.0013066415999999999,1.0,0.014999983561661849,1.0,0.0012870419974790163,0.0012870419974790163,0.0012870419974790163,0.0012870419974790163,0.00019305629962185244,0.00019305629962185244,0.00019305629962185244,0.0025740839949580326,0.0025740839949580326,0.0025740839949580326,0.002570773881530597,3630.0,2.9800000000000004,9.848476067423487,7.525332512304095,8.023087765393229e-05,4840.0,0.00010666580938011025,3,0,0,0,0,0,0,0,0,3630.0,271205.0,0.15
RAD-L6-0850,RAD-L5-0846,6,6,O,0.07907,0.0006926532,1.0,0.0075,1.0,0.0006874583009999999,0.0006874583009999999,0.0006874583009999999,0.0006874583009999999,0.00010311874514999998,0.00010311874514999998,0.00010311874514999998,0.0013749166019999999,0.0013749166019999999,0.0013749166019999999,0.0013739718372093312,5987.25,2.9800000000000004,10.4286,7.102001199999999,7.059787102873083e-05,7983.0,9.397225371374999e-05,2,1,1,0,0,0,0,0,0,5987.25,146413.0,0.15
RAD-L6-0851,RAD-L5-0846,6,6,O,0.06299,0.0005517924000000001,1.0,0.0075,1.0,0.0005476539570000001,0.0005476539570000001,0.0005476539570000001,0.0005476539570000001,8.214809355000002e-05,8.214809355000002e-05,8.214809355000002e-05,0.0010953079140000003,0.0010953079140000003,0.0010953079140000003,0.0010947082832335475,5769.75,2.9800000000000004,10.05615,6.872493059999999,5.419900984950984e-05,7693.0,7.214215567125002e-05,2,1,1,0,0,0,0,0,0,5769.75,141419.0,0.15
RAD-L6-0854,RAD-L5-0846,6,6,O,0.08805,0.000771318,1.0,0.029999967123323697,1.0,0.0007481784853583723,0.0007481784853583723,0.0007481784853583723,0.0007481784853583723,0.00011222677280375584,0.00011222677280375584,0.00011222677280375584,0.0014963569707167445,0.0014963569707167445,0.0014963569707167445,0.0014952379868274912,3552.75,2.9800000000000004,8.63460207714841,8.165872318545404,4.565805163914802e-05,4737.0,6.068701173189399e-05,3,0,0,0,0,0,0,0,0,3552.75,185507.0,0.15
RAD-L6-0857,RAD-L5-0855,6,6,O,0.11801,0.0010337676,1.0,0.014999983561661849,1.0,0.0010182611029934214,0.0010182611029934214,0.0010182611029934214,0.0010182611029934214,0.0001527391654490132,0.0001527391654490132,0.0001527391654490132,0.002036522205986843,0.002036522205986843,0.002036522205986843,0.0020344499016423656,5351.25,2.9800000000000004,5.545313101026739,4.034278315448422,9.3426576954927e-05,7135.0,0.00012440570153866542,3,0,0,0,0,0,0,0,0,5351.25,183444.0,0.15
RAD-L6-0861,RAD-L5-0855,6,6,O,0.17869,0.0015653244,1.0,0.029999967123323697,1.0,0.0015183647194626636,0.0015183647194626636,0.0015183647194626636,0.0015183647194626636,0.00022775470791939952,0.00022775470791939952,0.00022775470791939952,0.0030367294389253272,0.0030367294389253272,0.0030367294389253272,0.0030321232398557996,4253.25,2.9800000000000004,7.835101884819853,6.93966691670201,0.00011083983587893345,5671.0,0.00014744257404234186,3,0,0,0,0,0,0,0,0,4253.25,197343.0,0.15
RAD-L6-0862,RAD-L5-0855,6,6,O,0.1417,0.001241292,1.0,0.0075,1.0,0.00123198231,0.00123198231,0.00123198231,0.00123198231,0.0001847973465,0.0001847973465,0.0001847973465,0.00246396462,0.00246396462,0.00246396462,0.002460931550812173,4518.0,2.9800000000000004,5.772975000000001,4.278998045,9.546299715342061e-05,6024.0,0.00012707981909999998,3,0,0,0,0,0,0,0,0,4518.0,242153.0,0.15
RAD-L6-0863,RAD-L5-0855,6,6,O,0.19024,0.0016665023999999997,1.0,0.029999967123323697,1.0,0.0016165073827890599,0.0016165073827890599,0.0016165073827890599,0.0016165073827890599,0.00024247610741835897,0.00024247610741835897,0.00024247610741835897,0.0032330147655781198,0.0032330147655781198,0.0032330147655781198,0.003227794200910572,5985.0,2.9800000000000004,4.117425990492065,3.7777999241522746,0.00016585138218255696,7980.0,0.00022088576908658729,2,1,1,1,0,0,0,0,0,5985.0,145640.0,0.15
RAD-L6-0868,RAD-L5-0864,6,6,O,0.15104,0.0013231104,1.0,0.0075,1.0,0.001313187072,0.001313187072,0.001313187072,0.001313187072,0.00019697806080000001,0.00019697806080000001,0.00019697806080000001,0.002626374144,0.002626374144,0.002626374144,0.0026229282408316568,4878.0,2.9800000000000004,9.497475,8.403479354999998,0.00010994306806745487,6504.0,0.00014624946432,3,0,0,0,0,0,0,0,0,4878.0,191523.0,0.15
RAD-L6-0870,RAD-L5-0864,6,6,O,0.03412,0.0002988912,1.0,0.0075,1.0,0.000296649516,0.000296649516,0.000296649516,0.000296649516,4.44974274e-05,4.44974274e-05,4.44974274e-05,0.000593299032,0.000593299032,0.000593299032,0.0005931230649314223,6502.5,2.9800000000000004,7.2627749999999995,5.509627889999999,3.307332057867446e-05,8670.0,4.404026205e-05,2,1,0,0,0,0,0,0,0,6502.5,289784.0,0.15
RAD-L6-0874,RAD-L5-0873,6,6,O,0.10138,0.0008880888,1.0,0.014999983561661849,1.0,0.000874767482598704,0.000874767482598704,0.000874767482598704,0.000874767482598704,0.0001312151223898056,0.0001312151223898056,0.0001312151223898056,0.001749534965197408,0.001749534965197408,0.001749534965197408,0.0017480054210272655,4233.75,2.9800000000000004,9.937201077039916,8.900863962441685,6.359485998136619e-05,5645.0,8.455586368612473e-05,3,0,0,0,1,0,0,0,0,4233.75,297960.0,0.15
RAD-L6-0875,RAD-L5-0873,6,6,O,0.10241,0.0008971115999999999,1.0,0.014999983561661849,1.0,0.0008836549407470237,0.0008836549407470237,0.0008836549407470237,0.0008836549407470237,0.00013254824111205352,0.00013254824111205352,0.00013254824111205352,0.0017673098814940474,0.0017673098814940474,0.0017673098814940474,0.0017657491089770883,4695.0,2.9800000000000004,6.876188245273157,6.017430496158361,7.117655086848002e-05,6260.0,9.47205467307597e-05,3,0,0,0,0,0,0,0,0,4695.0,293723.0,0.15
RAD-L6-0877,RAD-L5-0873,6,6,O,0.17594,0.0015412344,1.0,0.014999983561661849,1.0,0.001518115909335332,0.001518115909335332,0.001518115909335332,0.001518115909335332,0.0002277173864002998,0.0002277173864002998,0.0002277173864002998,0.003036231818670664,0.003036231818670664,0.003036231818670664,0.0030316271283237217,4897.5,2.9800000000000004,10.247738610697414,8.607192146791073,0.0001276123864163075,6530.0,0.0001697482343828719,3,0,0,0,0,0,0,0,0,4897.5,139583.0,0.15
RAD-L6-0879,RAD-L5-0873,6,6,O,0.06803,0.0005959428,1.0,0.029999967123323697,1.0,0.0005780645355926185,0.0005780645355926185,0.0005780645355926185,0.0005780645355926185,8.670968033889278e-05,8.670968033889278e-05,8.670968033889278e-05,0.001156129071185237,0.001156129071185237,0.001156129071185237,0.0011554610114498098,4959.75,2.9800000000000004,9.594002307942677,7.556379700164711,4.9197710408282416e-05,6613.0,6.545788996359566e-05,3,0,0,0,0,0,0,0,0,4959.75,242511.0,0.15
RAD-L6-0888,RAD-L5-0886,6,6,O,0.02773,0.0002429148,1.0,0.0075,1.0,0.000241092939,0.000241092939,0.000241092939,0.000241092939,3.616394085e-05,3.616394085e-05,3.616394085e-05,0.000482185878,0.000482185878,0.000482185878,0.00048206964507224725,5742.75,2.9800000000000004,11.68561875,8.511944316249998,2.3755258597128064e-05,7657.0,3.1610421813749996e-05,2,1,0,0,0,0,0,0,0,5742.75,208983.0,0.15
RAD-L6-0889,RAD-L5-0886,6,6,O,0.14465,0.001267134,1.0,0.014999983561661849,1.0,0.0012481270108295772,0.0012481270108295772,0.0012481270108295772,0.0012481270108295772,0.00018721905162443658,0.00018721905162443658,0.00018721905162443658,0.0024962540216591543,0.0024962540216591543,0.0024962540216591543,0.0024931409704497254,4410.0,2.9800000000000004,5.855850634684236,4.053486373709179,9.44010068849617e-05,5880.0,0.00012566758259722455,3,0,0,0,0,0,0,0,0,4410.0,279739.0,0.15
RAD-L6-0898,RAD-L5-0895,6,6,O,0.10339,0.0009056963999999999,1.0,0.0075,1.0,0.000898903677,0.000898903677,0.000898903677,0.000898903677,0.00013483555155,0.00013483555155,0.00013483555155,0.001797807354,0.001797807354,0.001797807354,0.001796192266376062,6048.75,2.9800000000000004,14.851443749999998,9.937278456875,9.330231173553881e-05,8065.0,0.00012413798210625,2,1,1,0,0,0,0,0,0,6048.75,301800.0,0.15
RAD-L6-0899,RAD-L5-0895,6,6,O,0.15975,0.00139941,1.0,0.0075,1.0,0.001388914425,0.001388914425,0.001388914425,0.001388914425,0.00020833716375,0.00020833716375,0.00020833716375,0.00277782885,0.00277782885,0.00277782885,0.0027739742534026446,3114.75,2.9800000000000004,14.711775,9.8408820725,7.438233413219982e-05,4153.0,9.876989053125001e-05,3,0,0,0,0,0,0,0,0,3114.75,167959.0,0.15
RAD-L6-0900,RAD-L5-0895,6,6,O,0.07771,0.0006807396,1.0,0.0075,1.0,0.000675634053,0.000675634053,0.000675634053,0.000675634053,0.00010134510795,0.00010134510795,0.00010134510795,0.001351268106,0.001351268106,0.001351268106,0.0013503555543331602,6160.5,2.9800000000000004,13.92031875,10.74386833,7.143006671727973e-05,8214.0,9.502839231749999e-05,2,1,1,0,1,0,0,0,0,6160.5,180958.0,0.15
RAD-L6-0901,RAD-L5-0895,6,6,O,0.15676,0.0013732176000000001,1.0,0.0075,1.0,0.0013629184680000002,0.0013629184680000002,0.0013629184680000002,0.0013629184680000002,0.00020443777020000002,0.00020443777020000002,0.00020443777020000002,0.0027258369360000003,0.0027258369360000003,0.0027258369360000003,0.002722125215779747,3390.75,2.9800000000000004,12.104625000000002,9.1718189875,7.941571462138454e-05,4521.0,0.000105509493045,3,0,0,0,0,0,0,0,0,3390.75,260013.0,0.15
RAD-L6-0910,RAD-L5-0904,6,6,O,0.07329,0.0006420204,1.0,0.014999983561661849,1.0,0.0006323901045537484,0.0006323901045537484,0.0006323901045537484,0.0006323901045537484,9.485851568306226e-05,9.485851568306226e-05,9.485851568306226e-05,0.0012647802091074968,0.0012647802091074968,0.0012647802091074968,0.001263980711717183,3825.0,2.9800000000000004,2.83920030772569,2.336694126897395,4.1476958470425966e-05,5100.0,5.522584817164584e-05,3,0,0,0,0,0,0,0,0,3825.0,447660.0,0.15
RAD-L6-0911,RAD-L5-0904,6,6,O,0.14126,0.0012374376,1.0,0.0075,1.0,0.0012281568180000002,0.0012281568180000002,0.0012281568180000002,0.0012281568180000002,0.00018422352270000002,0.00018422352270000002,0.00018422352270000002,0.0024563136360000004,0.0024563136360000004,0.0024563136360000004,0.0024532993661632307,3628.5,2.9800000000000004,12.05806875,10.204887651875,7.658493362632218e-05,4838.0,0.00010174353913500002,3,0,0,0,0,0,0,0,0,3628.5,116903.0,0.15
RAD-L6-0937,RAD-L5-0931,6,6,O,0.12732,0.0011153231999999997,1.0,0.0075,1.0,0.0011069582759999999,0.0011069582759999999,0.0011069582759999999,0.0011069582759999999,0.00016604374139999998,0.00016604374139999998,0.00016604374139999998,0.0022139165519999998,0.0022139165519999998,0.0022139165519999998,0.002211467646308085,3575.25,2.9800000000000004,17.5982625,13.177789222499998,6.807429066388201e-05,4767.0,9.0357364755e-05,3,0,0,0,0,0,0,0,0,3575.25,224253.0,0.15
RAD-L6-0942,RAD-L5-0940,6,6,O,0.02098,0.0001837848,1.0,0.029999967123323697,1.0,0.00017827126204223337,0.00017827126204223337,0.00017827126204223337,0.00017827126204223337,2.6740689306335005e-05,2.6740689306335005e-05,2.6740689306335005e-05,0.00035654252408446674,0.00035654252408446674,0.00035654252408446674,0.0003564789703521809,5465.25,2.9800000000000004,12.512178009941909,12.373479959032785,1.6730035943927272e-05,7287.0,2.2244224083934153e-05,2,1,0,0,0,0,0,0,0,5465.25,383303.0,0.15
RAD-L6-0943,RAD-L5-0940,6,6,O,0.15509,0.0013585884000000001,1.0,0.014999983561661849,1.0,0.0013382095963329356,0.0013382095963329356,0.0013382095963329356,0.0013382095963329356,0.00020073143944994033,0.00020073143944994033,0.00020073143944994033,0.0026764191926658713,0.0026764191926658713,0.0026764191926658713,0.0026728407759780692,3487.5,2.9800000000000004,16.813389322313075,12.568199638885872,8.027076570502689e-05,4650.0,0.00010655264765322175,3,0,0,0,0,0,0,0,0,3487.5,296816.0,0.15
RAD-L6-0960,RAD-L5-0959,6,6,O,0.06027,0.0005279652,1.0,0.0075,1.0,0.000524005461,0.000524005461,0.000524005461,0.000524005461,7.860081915e-05,7.860081915e-05,7.860081915e-05,0.001048010922,0.001048010922,0.001048010922,0.001047461950346551,5975.25,2.9800000000000004,9.17158125,6.905393104374999,5.37028018974499e-05,7967.0,7.148547102375e-05,2,1,1,0,1,0,0,0,0,5975.25,152734.0,0.15
RAD-L6-0970,RAD-L5-0968,6,6,O,0.17323,0.0015174948,1.0,0.014999983561661849,1.0,0.0014947324029450926,0.0014947324029450926,0.0014947324029450926,0.0014947324029450926,0.00022420986044176388,0.00022420986044176388,0.00022420986044176388,0.002989464805890185,0.002989464805890185,0.002989464805890185,0.0029850008054094213,5659.5,2.9800000000000004,5.767125625067809,4.056661720502224,0.00014503349247859502,7546.0,0.0001931378546682135,2,1,1,1,0,0,0,0,0,5659.5,189355.0,0.15
RAD-L6-0973,RAD-L5-0968,6,6,O,0.09381,0.0008217756,1.0,0.0075,1.0,0.0008156122830000001,0.0008156122830000001,0.0008156122830000001,0.0008156122830000001,0.00012234184245000002,0.00012234184245000002,0.00012234184245000002,0.0016312245660000003,0.0016312245660000003,0.0016312245660000003,0.0016298948423318915,5026.5,2.9800000000000004,16.946475,12.679555069999997,7.041861756782376e-05,6702.0,9.359988905250002e-05,3,0,0,0,1,0,0,0,0,5026.5,413823.0,0.15
RAD-L6-0981,RAD-L5-0977,6,6,O,0.18271,0.0016005396,1.0,0.0075,1.0,0.001588535553,0.001588535553,0.001588535553,0.001588535553,0.00023828033294999998,0.00023828033294999998,0.00023828033294999998,0.003177071106,0.003177071106,0.003177071106,0.003172029556127831,4117.5,2.9800000000000004,5.58675,3.9124677749999988,0.00011218739845181495,5490.0,0.0001493332223625,3,0,0,0,1,0,0,0,0,4117.5,106092.0,0.15
RAD-L6-0985,RAD-L5-0977,6,6,O,0.08851,0.0007753476,1.0,0.0075,1.0,0.000769532493,0.000769532493,0.000769532493,0.000769532493,0.00011542987395,0.00011542987395,0.00011542987395,0.001539064986,0.001539064986,0.001539064986,0.0015378812328533664,4300.5,2.9800000000000004,16.527468749999997,11.146322393750001,5.6853512846491165e-05,5734.0,7.55564951175e-05,3,0,0,0,0,0,0,0,0,4300.5,115268.0,0.15
RAD-L6-0990,RAD-L5-0986,6,6,O,0.09512,0.0008332511999999999,1.0,0.029999967123323697,1.0,0.0008082536913945299,0.0008082536913945299,0.0008082536913945299,0.0008082536913945299,0.00012123805370917949,0.00012123805370917949,0.00012123805370917949,0.0016165073827890599,0.0016165073827890599,0.0016165073827890599,0.0016152015384601759,5371.5,2.9800000000000004,8.874452134846974,8.003113656451884,7.44933535185197e-05,7162.0,9.912179687958259e-05,3,0,0,0,0,0,0,0,0,5371.5,174564.0,0.15
RAD-L6-0993,RAD-L5-0986,6,6,O,0.1467,0.0012850919999999998,1.0,0.014999983561661849,1.0,0.0012658156411247767,0.0012658156411247767,0.0012658156411247767,0.0012658156411247767,0.0001898723461687165,0.0001898723461687165,0.0001898723461687165,0.0025316312822495535,0.0025316312822495535,0.0025316312822495535,0.002528429406334576,3990.0,2.9800000000000004,11.977876298217756,8.281639827002927,8.672704739598617e-05,5320.0,0.00011531060292438034,3,0,0,0,0,0,0,0,0,3990.0,300605.0,0.15
RAD-L6-0994,RAD-L5-0986,6,6,O,0.18761,0.0016434636,1.0,0.0075,1.0,0.001631137623,0.001631137623,0.001631137623,0.001631137623,0.00024467064345,0.00024467064345,0.00024467064345,0.003262275246,0.003262275246,0.003262275246,0.00325695980782148,5922.0,2.9800000000000004,10.80105,8.045831195,0.00016571201458035975,7896.0,0.00022053874437,2,1,1,1,0,0,0,0,0,5922.0,183052.0,0.15
RAD-L6-0996,RAD-L5-0995,6,6,O,0.17084,0.0014965584,1.0,0.0075,1.0,0.001485334212,0.001485334212,0.001485334212,0.001485334212,0.00035648021088000004,0.00035648021088000004,0.00035648021088000004,0.002970668424,0.002970668424,0.002970668424,0.002966260354608563,3955.5,2.9800000000000004,3.21238125,2.315201548125,0.00016118094848177714,5274.0,0.00021462062011200003,3,0,0,0,1,0,0,0,0,3955.5,238210.0,0.15
RAD-L6-0999,RAD-L5-0995,6,6,O,0.1555,0.0013621800000000002,1.0,0.014999983561661849,1.0,0.0013417473223919757,0.0013417473223919757,0.0013417473223919757,0.0013417473223919757,0.0003220193573740741,0.0003220193573740741,0.0003220193573740741,0.0026834946447839513,0.0026834946447839513,0.0026834946447839513,0.0026798972915751396,3273.0,2.9800000000000004,6.34383818757459,4.786498023937508,0.00012060163463334019,4364.0,0.0001604215154772214,3,0,0,0,0,0,0,0,0,3273.0,303245.0,0.15
RAD-L6-1000,RAD-L5-0995,6,6,O,0.13806,0.0012094055999999998,1.0,0.0075,1.0,0.0012003350579999998,0.0012003350579999998,0.0012003350579999998,0.0012003350579999998,0.00028808041391999997,0.00028808041391999997,0.00028808041391999997,0.0024006701159999997,0.0024006701159999997,0.0024006701159999997,0.002397790812044276,3270.75,2.9800000000000004,16.294687500000002,10.744911625,0.00010801288722040928,4361.0,0.00014341537501199998,3,0,0,0,1,0,0,0,0,3270.75,179607.0,0.15
